UNK,61909
老師,17153
上課,7595
方式,5293
作業,5011
可以,3859
如果,3371
影片,3295
內容,3105
討論,2941
自己,2937
基礎,2888
所以,2851
同學,2847
學期,2843
報告,2640
什麼,2610
沒有,2467
因為,2400
是否,2399
講義,2394
加簽,2311
就是,2273
大家,2256
期末,2242
不過,2176
出席率,2168
覺得,2161
或是,2152
不會,2079
應該,2078
考題,2000
課程,1992
遲到,1975
紮實,1948
外系,1898
選修,1877
問題,1864
比較,1843
給分,1814
推薦,1767
考試,1756
評分,1746
注重,1737
指定,1715
期末考,1707
團體,1702
習慣,1693
真的,1668
and,1658
個性,1608
的話,1604
總結,1600
一些,1564
UNK,1545
很多,1543
課本,1541
期中,1535
這門,1534
時間,1533
助教,1524
教科書,1524
其它,1522
型式,1521
嚴禁,1511
大概,1510
我們,1506
需先,1498
用書,1493
教學風格,1487
期中考,1485
一個,1470
但是,1460
影印,1451
最後,1438
私心,1402
五分,1373
XD,1365
指數,1347
還是,1303
東西,1301
非常,1293
可能,1292
一次,1275
學生,1259
題目,1224
其實,1208
然後,1208
個人,1178
教授,1156
分數,1127
of,1126
基本上,1110
部分,1085
而且,1077
雖然,1065
授課,1055
知道,1035
開始,1034
相關,1013
成績,996
需要,992
有點,952
時候,945
小考,929
點名,925
練習,904
不是,899
一定,864
認真,860
講解,843
下學期,839
還有,822
開課,822
課堂,820
另外,814
其他,790
喜歡,789
第週,788
只要,782
好像,766
老師上課,749
教師,746
修課,745
只有,723
之後,723
必修,715
建議,693
教學,687
有時候,686
主要,676
完全,668
出來,667
對於,663
介紹,657
這樣,657
補充,649
感覺,648
重要,626
只是,625
每次,617
一下,614
習題,612
主題,609
有些,609
常常,604
幾乎,598
一樣,598
這堂,589
通常,587
分析,587
理論,582
基本,574
簡單,559
不要,557
學習,557
回答,555
每個,553
清楚,552
一點,550
不用,547
英文,536
文本,536
背景,532
學到,529
希望,527
這個,524
筆記,523
以及,522
閱讀,520
算是,520
想要,512
The,508
觀念,507
準備,502
板書,495
有趣,490
重點,488
概念,486
認為,482
兩次,481
分組,477
the,466
某些,464
輕鬆,461
教室,454
來說,454
除了,449
不錯,447
小組,446
因此,444
通識,444
起來,442
不同,437
興趣,434
出席,433
等等,433
心得,432
直接,430
進行,429
單字,428
以上,427
一堂課,425
容易,424
對象,424
研究,416
要求,413
偶爾,411
評價,403
了解,403
平均,399
特別,395
解釋,393
日文,393
相當,392
範圍,392
選擇,389
系所,387
文章,385
資料,385
方便,383
學年度,381
一直,375
一門,373
下課,373
每週,372
上台,371
後來,370
地方,369
進度,369
知識,368
這些,367
有時,365
不少,363
Ch,361
程式,360
如何,358
小時,357
計算,355
左右,355
怎麼,353
理解,347
這是,345
參考,343
今年,342
收錄,342
動作,339
使用,337
之前,336
人合授,336
收穫,336
若為,336
修過,335
社會,334
數學,334
思考,333
in,332
經驗,331
當然,329
複習,327
看到,326
哪一,323
滿分,317
像是,315
為主,314
認識,314
分鐘,312
兩個,311
學分,310
結果,310
程度,308
三次,307
第一次,305
to,304
考古題,303
似乎,303
說明,302
講課,301
高分,301
不能,300
發現,299
ceiba,298
全班,295
微積分,294
關係,293
想法,292
後面,292
人數,291
一組,291
有人,290
繳交,290
必須,290
考前,289
設計,289
應用,286
分享,285
參與,283
例如,279
絕對,278
證明,277
一起,276
已經,275
演講,270
一份,270
文法,270
方法,269
之類,268
機會,268
大部分,266
禮拜,265
一篇,265
加上,263
議題,262
各種,262
能力,261
甚至,261
記得,261
寫作,261
翻譯,260
上課時,259
出現,256
許多,256
提到,256
PPT,255
最好,255
至少,254
中文,254
還會,250
影響,248
印象,248
文化,247
幫助,247
拿到,245
用心,245
大約,245
考卷,244
調分,243
不然,243
不太,240
就算,239
答案,239
這種,239
不難,239
全簽,239
上面,234
物理,233
法律,233
以前,231
過程,231
領域,231
不到,231
任何,230
難度,230
狀況,229
有關,228
由於,228
有沒有,228
班上,227
適合,226
提供,226
申論題,223
小說,222
實驗,222
平常,221
故事,221
十分,220
章節,220
整理,219
用到,218
搭配,217
每周,217
超過,214
或者,214
語言,214
電影,213
台灣,212
台大,212
詳細,210
經濟學,210
前面,210
發展,208
以後,208
統計,207
電腦,205
原因,205
一週,204
畢竟,204
幾個,204
注意,204
課程內容,203
全部,203
所有,203
每堂,202
很大,201
提出,200
那麼,200
裡面,200
強調,200
三個,200
表現,200
教育,199
而已,199
申論,199
甚麼,198
比賽,197
可是,196
文學,196
無法,196
下來,196
講到,195
整體,195
總之,194
系統,194
至於,194
一般,193
不好,193
一半,193
聽力,193
日本,192
QQ,192
公布,192
好好,191
差不多,191
還蠻,189
這麼,189
實際,189
其中,188
扣分,187
只能,187
整個,187
包含,187
講得,187
一本,187
則是,187
th,186
得到,186
XDD,186
決定,185
現在,185
事情,184
本身,183
歷史,183
風格,183
本來,183
重視,183
講話,182
值得,182
稍微,182
推導,181
願意,180
論文,180
生活,179
形式,179
政治,179
題型,179
關於,178
那些,178
實在,177
定理,176
情況,176
Introduction,175
很少,174
努力,174
原本,174
速度,173
缺席,173
根本,172
經濟,172
可愛,172
出題,171
選擇題,171
組員,171
回家,171
能夠,170
口頭報告,169
測驗,169
遇到,169
針對,169
結束,169
for,169
偏甜,168
Week,168
聽到,168
對話,168
方面,168
簽到,167
超級,167
一題,167
作文,167
聽說,166
尤其,165
就要,165
PO,163
大多,163
表示,163
不算,163
一種,162
看法,162
辦法,161
歡迎,161
預習,161
這次,161
大綱,161
並且,160
困難,160
完整,160
再來,160
解答,159
自由,159
不夠,159
接受,158
包括,158
Final,158
安排,158
互動,157
扎實,157
哲學,157
沒什麼,157
黑板,157
擔心,157
不管,156
大致,156
會考,156
幾次,156
一堂,155
深入,155
公式,155
規定,155
發表,154
即可,154
自行,153
本學期,153
發言,152
標準,151
法律系,151
學校,151
各組,151
po,151
過去,150
技巧,150
多少,150
平時,150
完成,149
句子,149
計算題,149
實務,149
講的,149
CEIBA,149
上傳,149
高中,148
同時,147
進入,147
分配,147
請假,147
處理,146
課後,146
意見,146
可惜,146
還要,146
網站,145
時會,145
邏輯,145
空間,145
還沒,145
確定,144
這部分,144
而言,144
沒關係,144
這本,143
是從,143
大學,143
之外,143
氣氛,143
大二,142
變成,142
會先,141
會給,141
活動,140
旁聽,140
調整,140
操作,140
同學們,140
學期成績,139
想學,139
開心,139
統一,138
盡量,138
加分,137
放在,137
部份,137
根據,136
例子,134
單元,134
中國,134
提問,133
制度,133
鼓勵,133
機率,133
很棒,133
很難,133
講授,132
一點點,132
變化,131
架構,131
作品,131
生物,131
剩下,130
一位,130
作者,130
第二,130
聽課,129
細節,129
資訊,129
文字,129
一張,129
類似,128
比例,128
會點,128
額外,128
管理,128
以下,128
負責,128
掌握,128
壓力,127
配合,126
相對,126
模式,126
未來,125
還滿,125
課文,125
電路,125
此外,124
到底,124
人生,124
project,124
結構,124
依照,124
不想,123
模型,123
樣子,123
開放,123
提醒,122
意義,122
訓練,122
他們,122
自編,122
以外,121
以來,121
一周,120
一遍,120
大一,120
每組,120
朋友,120
政策,120
那個,119
還好,119
專題,119
很快,119
仔細,119
時事,118
性別,118
第一,118
觀點,118
技術,118
隨機,118
按照,118
第二次,118
運動,118
Chapter,118
寫出,117
順序,117
Analysis,117
名詞,117
發音,117
原理,116
無聊,116
繼續,116
忘記,116
看過,116
學長,116
總成績,115
Theory,115
負擔,115
方向,115
探討,115
by,114
辛苦,114
個案,114
利用,114
一年,114
反應,113
edition,113
或許,113
環境,113
實習課,113
之間,113
檢討,113
積分,113
手機,112
考慮,112
名詞解釋,112
那種,112
是不是,112
數學系,112
示範,112
而是,111
分別,111
延伸,111
寄信,111
國家,111
書面報告,111
怎樣,110
這裡,110
四次,110
教得,109
才能,109
一堆,109
經典,109
事先,109
問答題,109
課本上,109
實作,108
手寫,108
別人,108
作為,108
回去,108
句型,108
簡答題,108
刁難,108
翹課,108
案例,108
教材,108
ppt,107
沒來,107
太難,107
會上,107
總共,107
當週,107
唯一,107
表達,106
開學,106
讀書,106
評論,106
據說,106
名字,106
電機系,105
除非,105
國文,105
看看,105
反正,105
定義,104
會講,104
你們,104
簡介,104
平時成績,104
告訴,104
角度,104
中間,104
摘要,103
數字,103
限制,102
當天,102
目的,102
問答,102
分成,101
重複,101
paper,101
本人,101
豐富,101
組別,101
行為,101
紙本,101
剛好,100
參加,100
發問,100
晚上,100
接觸,100
態度,100
性質,100
小組討論,100
網路,100
感受,99
期初,99
URL,99
準時,99
選課,98
當作,98
政府,98
看起來,98
經濟系,98
讀本,97
透過,97
意思,97
課會,97
崩潰,97
運用,97
簡答,97
世界,96
熟悉,96
確實,96
現象,96
Midterm,96
發生,96
導論,96
傳統,95
口說,95
不太會,95
動詞,95
大考,94
XDDD,94
來修,94
心理學,94
被當,94
文獻,94
ed,94
電子,94
效果,93
材料,93
呈現,93
錯誤,93
大學部,93
耐心,92
學期末,92
聲音,92
來看,92
Exam,92
來講,92
脈絡,92
相信,92
睡覺,91
專業,91
製作,91
導致,91
親切,91
發球,91
很甜,91
嘗試,90
賽局,90
小心,90
舉手,90
講完,90
Project,90
理由,90
實際上,90
公司,89
函數,89
大量,89
正課,89
真正,89
總分,89
也許,89
突然,89
這點,89
聊天,89
討厭,89
實習,89
過的,88
痛苦,88
期待,88
日本語,88
哪些,88
加選,88
會發,88
敘述,88
新聞,87
講述,87
on,87
資源,87
第章,87
學好,87
Linear,87
哪裡,87
接著,87
深刻,86
來自,86
找到,86
在於,86
入門,86
大三,86
要來,86
美國,86
一顆,86
兩題,85
目前,85
原則上,85
觀察,84
條件,84
如此,84
研究所,84
撰寫,84
代表,83
曾經,83
好玩,83
概論,83
實例,83
否則,83
這邊,83
例題,83
思想,82
現代,82
穿插,82
大四,82
不大,82
關心,82
配分,82
次數,82
幫忙,82
正確,82
普通,81
不來,81
德文,81
上網,81
特殊,81
原則,81
課前,81
星期,80
專心,80
科學,80
去問,80
一班,80
講過,80
or,80
段落,80
熱力學,79
工具,79
練習題,79
教完,79
強者,79
一句,79
即使,79
結合,79
國際,79
進步,78
學說,78
體系,78
時代,78
自然,78
下次,78
刑法,78
theorem,78
總是,78
步調,78
去年,78
提早,77
互評,77
功能,77
如下,77
只會,77
是非題,77
企業,77
精神,77
見解,77
一節課,77
建立,77
聽不懂,76
改成,76
聽懂,76
慢慢,76
當初,76
字數,76
初級,75
輪流,75
挑戰,75
II,75
憲法,75
提示,75
差異,75
會問,75
OK,75
給予,75
解決,75
重新,74
補考,74
沒差,74
五顆星,74
課時,74
有分,74
樂意,74
口頭,74
政治系,74
第一週,74
連續,74
口試,74
相同,74
投資,74
之一,74
接下來,74
身體,73
反而,73
共同,73
生命,73
幽默,73
上述,73
需求,73
不斷,73
工作,72
loading,72
缺點,72
theory,72
規劃,72
厲害,72
presentation,72
書寫,72
來不及,72
顆星,72
上過,71
別的,71
規則,71
寫到,71
台下,71
作答,71
控制,71
固定,71
模擬,71
填空,71
一邊,71
final,70
兩位,70
體驗,70
人物,70
微分方程,70
兩週,70
那邊,70
講者,70
互相,70
課有,70
理想,70
複雜,70
微分,70
幹嘛,70
修改,69
更好,69
下面,69
有用,69
輔助,69
在意,69
判斷,69
筆試,69
普物,69
來學,69
課外,69
說法,69
綜合,69
給的,69
少數,69
整體而言,68
學者,68
學會,68
吸收,68
在講,68
好課,68
跟上,68
每學期,68
看不懂,68
時期,68
Ceiba,68
存在,68
評量,68
音樂,67
參訪,67
不知,67
韓文,67
退選,67
code,67
Design,67
回應,67
時常,66
校外,66
社會學,66
引導,66
中心,66
三節課,66
動物,66
於是,66
軟體,66
想到,66
當時,66
體會,65
經過,65
with,65
太差,65
Chap,65
單純,65
第一節,65
市場,65
充實,65
工程,65
進階,65
財金,65
接近,65
好看,65
TA,65
組織,65
登記,65
自我,64
學弟,64
演算法,64
兩堂,64
第十,64
台北,64
學院,64
語言學,64
階段,64
明顯,64
適應,64
嚴格,63
修習,63
說過,63
五題,63
他會,63
錄音,63
合作,63
點過,63
學來,63
最大,63
然而,63
有個,63
今天,63
記憶,63
乖乖,63
背後,63
科系,63
依據,63
線性代數,62
各個,62
批改,62
簡報,62
往往,62
增加,62
最高,62
要交,62
研究生,62
解題,62
臺灣,61
欣賞,61
令人,61
不太好,61
變數,61
選讀,61
估計,61
有加,61
幾堂,61
達到,61
培養,61
格式,61
哈哈,61
描述,61
這篇,61
熱忱,61
點到,61
必要,61
填充,61
獲得,60
實用,60
價值,60
檔案,60
個體,60
會用,60
上下,60
為何,60
修正,60
下午,60
人來,60
四個,60
Quantum,60
Language,60
一章,60
初選,59
一段,59
電子學,59
說話,59
感謝,59
實力,59
莊子,59
照著,59
劇本,59
兩篇,59
以往,59
的確,59
Group,59
隨時,59
份量,59
類型,58
溝通,58
ch,58
麻煩,58
會計,58
民法,58
吃力,58
圖片,58
Edition,58
應付,58
科目,58
跳過,58
小弟,58
主觀,57
滿多,57
輔以,57
假設,57
論述,57
function,57
講了,57
放假,57
反思,57
解說,57
馬上,57
精彩,57
快速,57
特色,57
機械系,57
email,57
國文課,57
心情,57
付出,57
同組,56
單位,56
發揮,56
書面,56
下去,56
變得,56
及其,56
品質,56
第三,56
藉由,56
有種,56
選到,56
實分,56
化學,55
翻轉,55
同樣,55
深度,55
每題,55
開書考,55
三週,55
導讀,55
程序,55
分為,55
一大,55
會出,55
CH,55
不考,55
學術,55
學生證,55
女生,55
回來,55
電磁學,55
貌似,55
原始,55
字句,55
某個,55
期考,55
強烈建議,55
笑話,54
五顆,54
流程,54
閒聊,54
nd,54
當人,54
批判,54
法學,54
嚴重,54
著重,54
曠課,54
台上,54
系上,54
這班,54
擊球,53
親自,53
抽籤,53
熱情,53
一節,53
多次,53
學過,53
照片,53
感到,53
舉例,53
教過,53
John,53
選上,53
是非,53
期末考試,53
批評,53
兩種,53
做到,53
外文系,53
造成,53
務必,53
學年,53
所學,53
遊戲,53
策略,52
本書,52
歡樂,52
幾題,52
檢定,52
抽點,52
沒到,52
拿來,52
運作,52
隨便,52
停課,52
難以,52
上限,52
代數,52
認知,52
大多數,52
講師,52
表演,52
每年,52
考完,51
第一堂,51
力學,51
休息,51
想像,51
辯論,51
這也,51
事件,51
為止,51
原文書,51
通過,51
障礙,51
分類,51
目標,51
森林,51
太多,51
貨幣,51
現場,50
座位,50
不足,50
民主,50
日期,50
古典,50
行政,50
班級,50
證明題,50
用法,50
德國,50
PS,50
算甜,50
清晰,50
滿天星,50
Homework,50
畢業,50
An,50
Data,50
Systems,50
比起,50
缺課,50
兩節課,50
from,50
主動,50
分組討論,49
精美,49
情形,49
臺大,49
名額,49
那樣,49
意外,49
加入,49
網路上,49
政治學,49
這方面,49
一分,49
堂課,49
書籍,49
幾分,49
正式,49
強迫,49
事實上,49
因素,49
exam,49
產業,49
三篇,49
連結,49
轉換,49
瞭解,49
沒寫,49
遲交,49
跟不上,48
體育課,48
五個,48
聽寫,48
物理系,48
用來,48
思維,48
並不,48
五次,48
哪個,48
Management,48
下載,48
當掉,48
當周,48
第一個,48
其餘,48
正常,48
全勤,48
試教,48
快樂,48
中規中矩,48
感動,48
法文,48
一部,48
純粹,48
一天,48
要說,48
多數,48
Principles,48
三堂,47
創作,47
弄懂,47
農業,47
計分,47
符合,47
做出,47
總體,47
網頁,47
有次,47
嚴謹,47
計畫,47
享受,47
Mechanics,47
考古,47
史記,47
滿意,47
順便,47
當場,47
量子力學,47
金融,47
媒體,47
早上,46
Model,46
年輕,46
位置,46
各位,46
評分標準,46
刺激,46
滿滿,46
英語,46
其他人,46
剛剛,46
最近,46
group,46
case,46
特定,46
心力,46
時段,46
學科,46
詮釋,46
財務,46
一頁,46
傳到,46
角色,46
強制,46
一部分,46
坐在,46
先修,46
多元,46
隨堂,46
圖書館,46
有條理,46
出版,46
確認,46
自我介紹,46
新生,45
未知,45
屬於,45
寬鬆,45
具有,45
如同,45
課上,45
偏向,45
教到,45
評估,45
心理,45
完課,45
裡的,45
涵蓋,45
考得,45
誇張,45
權力,45
附上,45
分布,45
人超,45
試題,45
旁邊,45
訊號,45
不可,45
Orz,45
Applications,45
創意,44
回饋,44
會將,44
上去,44
好笑,44
課綱,44
其他同學,44
改變,44
版書,44
大學生,44
離開,44
每位,44
頂多,44
及格,44
真是,44
成果,44
總而言之,44
不必,44
優先,44
要會,44
造句,44
不行,44
把握,44
詞句,44
Presentation,44
Learning,44
蒐集,44
不明,44
google,44
兩份,43
參考書,43
加工,43
兩本,43
神奇,43
下課時間,43
Chemistry,43
事實,43
大部份,43
中有,43
整合,43
太重,43
一套,43
有所,43
協助,43
認人,43
有限,43
各自,43
詢問,43
很重,43
戲劇,43
緊張,43
機制,43
記錄,43
核心,43
教案,43
堅持,43
聽聽,43
考量,43
以為,43
analysis,43
幾篇,43
結論,43
管院,43
不在,43
三題,42
題寫,42
面對,42
矩陣,42
好處,42
打球,42
an,42
讀完,42
考期,42
過於,42
xD,42
調查,42
不定期,42
種子,42
普化,42
一人,42
與其,42
計算機,42
差別,42
成為,42
補救,42
當下,42
風趣,42
程式設計,42
組內,42
足夠,42
判決,42
組合,42
上機,41
is,41
解析,41
經常,41
出國,41
明年,41
執行,41
首先,41
自學,41
紀錄,41
FB,41
荷蘭文,41
第二週,41
地圖,41
兩人,41
檢查,41
最低,41
地理,41
XDDDD,41
多樣性,41
反映,41
繪圖,41
同學會,41
五十,41
四題,41
de,41
第二節,41
幾周,41
參觀,41
簽名,40
版本,40
向量,40
平衡,40
停修,40
奇怪,40
特性,40
成長,40
成本,40
第四,40
人會,40
責任,40
很涼,40
現實,40
記住,40
累積,40
業界,40
上次,40
ex,40
半小時,40
勾選,40
相似,40
旅遊,40
國外,40
專家,40
Quiz,40
有交,40
我會,40
Griffiths,40
女性主義,40
神話,40
閩南語,40
點人,40
要花,40
範例,40
所謂,40
植物,39
提前,39
Chemical,39
活潑,39
保證,39
播放,39
編輯,39
量子,39
五分鐘,39
選修課,39
一件,39
星星,39
第三次,39
週期,39
前會,39
每人,39
趕課,39
會要,39
高遠球,39
超好,39
初學者,39
宗教,39
多一點,39
超棒,39
這時候,39
正反手,39
面向,39
統計學,39
Participation,39
疑問,39
迴歸,39
健康,39
這件,39
放棄,39
食物,39
會帶,39
多半,39
合理,39
比重,38
理念,38
切入,38
前一天,38
服務,38
醫學院,38
考試內容,38
第課,38
之下,38
只好,38
情境,38
Law,38
充滿,38
修完,38
產品,38
正手,38
就夠,38
睡著,38
專案,38
大小,38
rd,38
總經,38
有事,38
教法,38
讀過,38
旅行,38
以內,38
不得不,38
數位,38
日文系,38
相對論,38
第五,38
購買,38
第三週,38
私下,38
課要,38
旁聽生,37
幾週,37
第一周,37
指導,37
期間,37
形容詞,37
事前,37
中會,37
Fourier,37
Press,37
自選,37
不時,37
主軸,37
可怕,37
備課,37
國企,37
難得,37
形成,37
大師,37
不敢,37
一步,37
碰到,37
佛心,37
構成,37
經歷,37
但會,37
體育,36
寫過,36
不甜,36
這組,36
會計系,36
成功,36
愉快,36
引用,36
普遍,36
咖啡,36
念書,36
擅長,36
method,36
課來,36
糾正,36
會簽,36
提過,36
沒錯,36
Physics,36
free,36
不看,36
等到,36
本班,36
過後,36
行銷,36
謝謝,36
強烈,36
下課時,36
給你,36
要是,36
公共,36
真心,36
麥克風,36
大題,36
並非,36
QAQ,36
狀態,36
Case,36
後述,36
反手,36
退休,36
改寫,36
前述,36
相較,36
元件,36
落差,36
強大,36
Programming,36
允許,36
筆者,36
兩周,36
報導,36
寫得,36
偷偷,36
出自,36
GG,35
會以,35
不如,35
醫療,35
標題,35
身為,35
學時,35
往年,35
教學方式,35
Paper,35
Class,35
參考書目,35
雙打,35
書局,35
公佈,35
名單,35
說真的,35
一模一樣,35
創新,35
期限,35
Statistical,35
八卦,35
除此之外,35
提升,35
刁鑽,35
錄影,35
難看,35
作業成績,35
平等,35
催眠,35
看見,35
後期,35
不及格,35
基因,35
甜度,35
身上,35
Norton,35
有讀,35
醫學,35
集中,35
幾年,35
生氣,34
open,34
English,34
怎麼樣,34
不僅,34
展現,34
改編,34
默寫,34
單字表,34
呵呵,34
還算,34
不高,34
得分,34
來回,34
列印,34
彼此,34
數據,34
隔週,34
篇幅,34
恍神,34
半導體,34
疾病,34
抱怨,34
nice,34
學程,34
寫錯,34
契約,34
事物,34
外加,34
整堂,34
Robert,34
程式碼,34
Properties,34
as,34
沒事,34
只考,34
那次,34
數值,34
linear,34
姿勢,34
聽得懂,34
考到,34
學得,34
授權,34
背誦,34
飲食,34
所說,34
特殊教育,34
位子,34
後悔,33
男生,33
一二,33
明白,33
這時,33
移動,33
Equations,33
System,33
什麼樣,33
彈性,33
更是,33
那天,33
生化,33
失望,33
人類,33
千萬,33
節奏,33
浪費,33
史料,33
改進,33
全英文,33
競賽,33
單打,33
交流,33
積極,33
這部,33
抽到,33
情緒,33
解讀,33
治療,33
游泳,33
倫理,33
唸書,33
科技,33
開給,33
事後,33
底子,33
口述,33
難過,33
考考,33
帶著,33
每課,33
台語,33
交換,33
極度,33
良多,33
散文,33
現況,33
Course,33
Calculus,32
畫圖,32
很慘,32
維持,32
補課,32
比如,32
個經,32
那本,32
瑜珈,32
文學史,32
人工,32
一兩次,32
選舉,32
具備,32
停下來,32
實地,32
學派,32
Ed,32
無限,32
公平,32
專有名詞,32
lecture,32
題庫,32
看得懂,32
中文系,32
放到,32
人類學,32
預期,32
默默,32
不論是,32
會來,32
選文,32
修到,32
用語,32
原來,32
聽過,32
關鍵,32
爭議,32
Models,32
會花,32
熱心,32
加強,32
建構,32
還能,32
精華,32
還在,32
對應,32
極限,32
請教,32
展演,32
不至於,32
問他,32
助詞,32
基本概念,32
效率,32
鑑定,32
增進,32
教課,31
熱愛,31
避免,31
初會,31
開放式,31
一上,31
漢字,31
口語,31
度過,31
權利,31
講評,31
線性,31
六次,31
ok,31
圖形,31
進來,31
幾何,31
有效,31
必修課,31
感情,31
害怕,31
幸運,31
考試成績,31
找出,31
趨勢,31
前後,31
常見,31
帶來,31
效益,31
隔壁,31
微甲,31
女性,31
習作,31
抽象,31
定時,31
當中,31
運算,31
詞彙,31
講演,31
收斂,31
錯過,31
What,31
專長,31
均衡,31
生死,31
評語,31
邀請,31
Functions,31
Reading,31
up,31
就會,31
要件,31
高手,31
指示,31
曲線,30
腦袋,30
體制,30
距離,30
會放,30
占分,30
地形,30
讀熟,30
編排,30
對不起,30
貿易,30
Methods,30
附近,30
十題,30
型態,30
政黨,30
分題,30
有空,30
演戲,30
外系生,30
經原,30
不再,30
來源,30
客觀,30
禁止,30
當成,30
日文課,30
收獲,30
前提,30
好人,30
常會,30
這門課,30
相比,30
道理,30
產生,30
作家,30
立場,30
發表意見,30
認同,30
地點,30
當代,30
篇文章,30
Literature,30
都市,30
臨時,30
Energy,30
學期結束,30
私底下,30
Vector,30
William,30
組成,30
中學,30
考出來,29
頻率,29
Circuits,29
太久,29
大大,29
告知,29
項目,29
New,29
搜尋,29
有點像,29
對照,29
日常,29
計量,29
投票,29
普心,29
實在太,29
記人,29
生態,29
底下,29
被點,29
尷尬,29
篇章,29
等於,29
自修,29
爆表,29
填充題,29
詳述,29
通說,29
很慢,29
這一,29
斟酌,29
實說,29
太過,29
筆記本,29
不滿,29
種類,29
論點,29
拿分,29
道德,29
訊息,29
十分鐘,29
更加,29
Series,29
生物學,29
發下,29
補上,29
機構,29
Economics,29
先講,29
人文,29
飼養,29
一切,29
曉得,29
時數,29
複製,29
正義,29
各有,29
真實,29
高興,29
明確,29
book,29
日常生活,29
Differential,29
意涵,29
承認,29
銀行,29
進去,29
分工,29
很強,29
俄文,29
直覺,29
心態,28
網球,28
改革,28
排斥,28
一一,28
採用,28
第一章,28
要修,28
equations,28
海報,28
Algebra,28
風險,28
醫師,28
照顧,28
滿滿的,28
半個,28
開玩笑,28
列出,28
年度,28
最多,28
class,28
外面,28
涼課,28
優點,28
公尺,28
所有人,28
地理學,28
投入,28
Second,28
電腦教室,28
題材,28
Statistics,28
樂於,28
缺乏,28
搞懂,28
First,28
帶到,28
再次,28
成就感,28
recitation,28
Basic,28
不差,28
熱身,28
他講,28
常用,28
詩歌,28
不小,28
改善,28
不等,28
漸漸,28
有考,28
Control,28
Thermodynamics,28
提及,28
一課,28
整本,28
Teaching,28
外系來,28
衡量,28
生平,28
歷史系,28
印出來,28
一律,28
究竟,28
嚴肅,28
放上,28
外籍,28
若有,28
essay,28
三種,28
列入,28
爭點,28
開發,28
Wiley,28
他人,28
廢話,28
我國,28
一到,28
越來越,28
日式,28
比較級,28
符號,27
這份,27
所述,27
很會,27
一提,27
orz,27
兩年,27
原文,27
說出,27
校園,27
挑選,27
在家,27
編的,27
不論,27
分期,27
同意,27
建築,27
定律,27
循環,27
逐字,27
熱門,27
永遠,27
Writing,27
要考,27
價格,27
equation,27
Varian,27
討論區,27
Pricing,27
破百,27
本系,27
高等,27
at,27
ps,27
藝術,27
詳解,27
會話,27
踴躍,27
自訂,27
Regression,27
一兩,27
有念,27
不給,27
說會,27
簡略,27
保持,27
設定,27
短文,27
資本,27
關聯,27
Structure,27
動機,27
等級,27
上學,27
自認,27
之中,27
級數,27
一個月,27
就讓,27
一段時間,27
答題,27
也就是說,27
寫信,27
兩到,27
教程,27
有機,27
經營,27
Transform,27
三份,27
共有,27
functions,27
瑣碎,27
電磁,27
分佈,27
社區,27
General,27
持續,27
實驗室,27
Topic,27
課名,27
近代,27
Classical,27
困擾,27
營養,27
排版,27
Computer,27
Approach,27
總論,27
意識,27
溫柔,26
學號,26
探索,26
分則,26
教學內容,26
無關,26
短片,26
啟發,26
有心,26
趕快,26
發給,26
心靈,26
回報,26
這段,26
專注,26
出版社,26
檢視,26
分量,26
爽爽,26
支持,26
一項,26
方案,26
漂亮,26
主修,26
賞析,26
差距,26
一塊,26
習題課,26
博物館,26
內涵,26
算分,26
不需,26
參考資料,26
文明,26
Financial,26
別班,26
第一年,26
利率,26
交給,26
Po,26
密度,26
動力學,26
打斷,26
陳老師,26
雖說,26
講講,26
帶過,26
電機,26
關鍵字,26
機器,26
一面,26
兩組,26
查資料,26
波蘭文,26
主義,26
To,26
歷年,26
從中,26
年代,26
專利,26
過了,26
會想,26
進一步,26
沒修過,26
公民,26
聽講,26
David,26
工廠,26
法規,26
生理,25
回顧,25
數量,25
proposal,25
會過,25
排名,25
講故事,25
盡力,25
structure,25
前要,25
唱歌,25
肢體,25
韓國,25
模糊,25
六個,25
一兩個,25
艱澀,25
國內,25
淺顯易懂,25
還不,25
勉強,25
社工,25
demo,25
PTT,25
四顆,25
感想,25
打混,25
辨識,25
明明,25
Modern,25
大眾,25
詳盡,25
沒學,25
語調,25
簽上,25
bonus,25
得來,25
甜不甜,25
影像,25
口條,25
網上,25
歷程,25
功課,25
具體,25
低分,25
三人,25
International,25
給簽,25
個別,25
笑笑,25
社會工作,25
下課後,25
適中,25
看出,25
那堂,25
Lab,25
自由發揮,25
CT,25
課中,25
標準差,25
沒點,25
桌球,25
一百,25
起跳,25
偶而,25
考了,25
課題,25
留下來,25
期中考試,25
語法,25
整組,24
加以,24
週次,24
Review,24
law,24
改為,24
運氣,24
Green,24
溫馨,24
field,24
頁數,24
生產,24
工學院,24
自願,24
人問,24
變相,24
認得,24
一場,24
te,24
舒服,24
兩兩,24
安全,24
暑假,24
技能,24
資工系,24
ODE,24
note,24
pdf,24
給出,24
沒考,24
超甜,24
刻意,24
是給,24
不在意,24
model,24
孔子,24
Fields,24
看似,24
損失,24
競爭,24
無論,24
Process,24
作筆記,24
著作,24
幾天,24
質疑,24
直到,24
全球,24
University,24
Strategy,24
未到,24
教育學,24
通知,24
往後,24
線代,24
Random,24
演練,24
專題報告,24
要講,24
三周,24
一生,24
常態,24
Science,24
大氣,24
商業,24
收到,24
本課,24
會教,24
白板,24
蛙式,24
修修,24
Market,24
特點,24
有來,24
III,24
language,24
觀看,24
和善,24
寄給,24
上來,24
上半,24
想修,24
從不,24
蠻甜,24
通通,24
人士,24
出發,24
野外,24
想來,24
生動,24
忽略,24
Loading,24
式子,24
要點,24
念過,24
穩定,24
Network,24
方程式,24
看得出來,24
初步,23
大陸,23
固態,23
蠻多,23
留下,23
不快,23
Equilibrium,23
先前,23
拍照,23
貼心,23
選定,23
步驟,23
啊啊啊,23
竟然,23
效應,23
細心,23
答對,23
類比,23
introduction,23
融會貫通,23
別說,23
寫下,23
犯罪,23
落後,23
比如說,23
一方面,23
釐清,23
出過,23
城市,23
仍然,23
團隊,23
充分,23
上週,23
例句,23
開書,23
reading,23
機械,23
Marketing,23
生理學,23
system,23
學期開始,23
層面,23
三顆,23
既然,23
而定,23
自主,23
流體力學,23
從頭,23
蹺課,23
試試看,23
形容,23
民事,23
天才,23
能源,23
回到,23
債務,23
訪問,23
顯得,23
標準答案,23
後者,23
下週,23
學問,23
會有,23
布袋戲,23
聰明,23
不重,23
跟得上,23
釋字,23
看待,23
Game,23
愛情,23
志願,23
老子,23
簽了,23
office,23
vs,23
Molecular,23
想像中,23
神人,23
涉及,23
深入淺出,23
比較簡單,23
兩三次,23
Probability,23
混亂,22
心理準備,22
脫離,22
多為,22
檢驗,22
過來,22
全都,22
min,22
還說,22
試著,22
看書,22
滿文,22
try,22
人修,22
differential,22
三類,22
口譯,22
手繪,22
return,22
都還,22
順利,22
相處,22
採訪,22
演化,22
詩經,22
第三節,22
GPA,22
Chp,22
簽的,22
公共衛生,22
莫名,22
規範,22
小小,22
情感,22
傳說,22
視野,22
投影幕,22
想想,22
Application,22
選出,22
Anthology,22
關注,22
換班,22
給我,22
上起,22
場地,22
限定,22
帶領,22
partner,22
Social,22
James,22
參照,22
投影機,22
受到,22
日劇,22
加深,22
看來,22
多人,22
word,22
段考,22
眼睛,22
荀子,22
寫字,22
review,22
題外話,22
水準,22
一片,22
解決問題,22
ID,22
小班,22
坐滿,22
script,22
一致,22
獨立,22
自身,22
內部,22
不得,22
不見得,22
課給,22
教學法,22
儘管,22
第九,22
上會,22
工數,22
自由式,22
居多,22
極為,22
ANOVA,22
Response,22
立法,22
推論,22
中級,22
系內,22
四顆星,22
八週,22
會計學,22
言論,22
六題,22
選項,22
課是,22
買書,22
三分之一,22
研討,22
智慧,22
神經,22
說好,22
Digital,22
美麗,22
機考,22
總評,22
評鑑,22
早期,22
坦白說,22
每章,22
做成,22
Advanced,22
論語,22
生機,22
追求,22
依然,22
吸引,22
week,22
第三周,22
hour,22
好多,22
Part,22
無趣,22
表定,22
區域,22
偏重,22
很小,22
鄉民,22
每一課,22
張老師,22
很爛,22
每份,21
will,21
tdocumentcurrentScript,21
不須,21
全部都是,21
CDATA,21
ne,21
的點,21
信號,21
爆炸,21
der,21
語概,21
沒上,21
與否,21
iftegetAttribute,21
functionterncap,21
datacfemail,21
字頭,21
時光,21
臺語,21
詩選,21
不太能,21
__,21
製程,21
傳達,21
常有,21
併購,21
Essay,21
參數,21
中考題,21
會開,21
零分,21
participation,21
Mathematical,21
自備,21
趣事,21
深深,21
適用,21
fore,21
preplaceChilddocumentcreateTextNodedecodeURIComponentec,21
採取,21
無敵,21
後半段,21
EXCEL,21
做個,21
ifacgetAttribute,21
未必,21
asubstr,21
預算,21
夾雜,21
財務管理,21
成立,21
Act,21
protected,21
哲學系,21
etlength,21
catchu,21
人少,21
有機化學,21
分子,21
有太大,21
大法官,21
fortdocumentgetElementsByTagName,21
全面,21
表面,21
Thomas,21
花點,21
實證,21
衣服,21
開口,21
決策,21
即便,21
Markets,21
算錯,21
保護,21
侵害,21
門課,21
假如,21
版上,21
三位,21
那位,21
比方說,21
將近,21
原先,21
ptparentNode,21
加分題,21
premoveChildt,21
alengthn,21
order,21
基礎知識,21
投影,21
推測,21
枯燥,21
留學,21
拼音,21
Term,21
多分,21
有效率,21
iftctpreviousSibling,21
意見調查,21
Planning,21
從來,21
毫無,21
品種,21
板上,21
只想,21
研究員,21
asubstrn,21
XDDDDD,21
打算,21
先生,21
好不好,21
有給,21
廠商,21
datacfhash,21
歌詞,21
演示,21
高分子,21
手段,21
幾位,21
Oct,21
第一篇,21
消費者,21
觀賞,21
緣故,21
要讀,21
字母,21
etc,21
兩者,21
創業,21
rtoStringslice,21
擁有,21
花太多,21
一類,21
一大堆,21
How,21
writing,20
聯合,20
稅法,20
普生,20
驗證,20
每篇,20
底線,20
嗚嗚,20
HW,20
PDF,20
為輔,20
流暢,20
聖誕節,20
用途,20
印好,20
熬夜,20
動手,20
天氣,20
出錯,20
商品,20
不好意思,20
YYC,20
學了,20
很多很多,20
闡述,20
調到,20
自信,20
個人感覺,20
觀摩,20
媽媽,20
Portfolio,20
Landsburg,20
評析,20
做法,20
Materials,20
多多,20
被扣,20
適當,20
統整,20
重疊,20
人性,20
會印,20
最高分,20
實踐,20
動力,20
本系生,20
疑惑,20
很細,20
英國,20
消化,20
要學,20
材料力學,20
它們,20
四大,20
formula,20
新興,20
訪談,20
沒念,20
心臟,20
資格,20
家庭,20
無所謂,20
節錄,20
Accounting,20
推推,20
AA,20
魅力,20
功力,20
資料庫,20
Theorem,20
填寫,20
自動,20
測試,20
佔分,20
be,20
成效,20
太大,20
圖表,20
本科,20
悲劇,20
最終,20
義務,20
第三章,20
廣泛,20
星期五,20
夥伴,20
Information,20
前半段,20
舞蹈,20
腳步,20
中期,20
學運,20
最難,20
一群,20
馬來,20
該次,20
行動,20
片段,20
終於,19
分立,19
心想,19
故意,19
貢獻,19
路線,19
超多,19
要用,19
哈哈哈,19
Problems,19
教書,19
這位,19
職業,19
年級,19
易懂,19
pass,19
滿足,19
太高,19
考驗,19
大班,19
XX,19
Fundamental,19
叫做,19
稍嫌,19
全程,19
人權,19
記錯,19
會議,19
管制,19
攜帶,19
生涯,19
量化,19
超強,19
三組,19
McGrawHill,19
面前,19
倒數,19
無論是,19
請見,19
points,19
交代,19
干擾,19
宣布,19
訴訟,19
日法,19
簽好,19
藉此,19
Nov,19
大方,19
解法,19
Pearson,19
懷疑,19
土木系,19
總覺,19
立刻,19
溫暖,19
中央,19
直觀,19
恐怖,19
test,19
禮物,19
指令,19
從來不,19
加總,19
變異,19
Laplace,19
記者,19
my,19
meeting,19
Engineering,19
Unit,19
考過,19
三本,19
優秀,19
身心,19
帶回家,19
沒人,19
小小的,19
Power,19
點出,19
Physical,19
寵物,19
排球,19
小班制,19
難懂,19
在乎,19
動畫,19
發放,19
早八,19
Flow,19
七週,19
全校,19
價值觀,19
時要,19
書單,19
歷屆,19
舉辦,19
延續,19
另有,19
完會,19
監獄,19
平板,19
point,19
Scene,19
Time,19
切球,19
Report,19
寫成,19
社科院,19
消費,19
死線,19
不吝,19
只給,19
Verilog,19
第二周,19
讀物,19
懶得,19
詳見,19
隨著,19
法令,19
營養師,19
integral,19
儀器,19
matlab,19
早點,19
視覺,19
總則,19
陌生人,19
不限,19
社會科學,19
懂得,19
博士,19
正反,19
問路,19
中研院,18
基於,18
請勿,18
過關,18
使得,18
口才,18
心中,18
年紀,18
語氣,18
情節,18
考完試,18
優缺點,18
語音,18
會舉,18
紅樓夢,18
愉悅,18
要念,18
不佳,18
不像,18
心理系,18
法條,18
全新,18
回覆,18
簡潔,18
卡住,18
順帶,18
涼涼,18
驚喜,18
諸多,18
中午,18
談到,18
參與度,18
三分,18
常說,18
衝擊,18
Research,18
不在乎,18
三大,18
顯示,18
做好,18
思辨,18
換到,18
midterm,18
定點,18
一修,18
概要,18
電子書,18
有題,18
更正,18
一百分,18
列傳,18
差點,18
不拘,18
導覽,18
早餐,18
再講,18
紙筆,18
單選,18
discussion,18
常識,18
home,18
動詞變化,18
進而,18
吝嗇,18
保育,18
問的,18
讀懂,18
大聲,18
物權,18
有名,18
濃縮,18
一階,18
整年,18
蠻高,18
Book,18
民訴,18
很廣,18
財政,18
假名,18
會到,18
身邊,18
光是,18
經學,18
期刊,18
第四章,18
作用,18
Bonus,18
Integrals,18
題組,18
打分數,18
learning,18
過頭,18
因而,18
班代,18
特質,18
第十五,18
平均分,18
幸福,18
太多人,18
重要性,18
同一個,18
外語,18
地震,18
Trade,18
課程設計,18
選用,18
下周,18
波蘭,18
這句,18
表達能力,18
合成,18
第十四,18
太快,18
日語,18
中英文,18
星期一,18
No,18
景點,18
term,18
朗讀,18
st,18
要素,18
期望,18
前往,18
著墨,18
看著,18
珍貴,18
詭異,18
are,18
轉銜,18
好幾個,18
專門,18
Variables,18
星期三,18
誠心,18
十五,18
Method,18
AND,18
補習班,18
憲政,18
冷笑,18
Public,18
迎來,18
十個,18
series,18
慘烈,18
二十,18
自評,18
重於,18
one,18
星期四,18
利益,17
世紀,17
有出,17
高度,17
帶給,17
Attendance,17
同一,17
本門,17
輔系,17
嚴苛,17
用字,17
公司法,17
約題,17
In,17
遲到早退,17
人要,17
開頭,17
微調,17
理性,17
類的,17
輕鬆愉快,17
MATLAB,17
Fundamentals,17
平行,17
不爽,17
重量,17
溫和,17
課堂作業,17
書目,17
初統,17
計時,17
報告期,17
球場,17
就行了,17
資產,17
此時,17
飲料,17
哲學家,17
Dec,17
回信,17
教學模式,17
印成,17
Feynman,17
考法,17
發現自己,17
擷取,17
本文,17
變動,17
第五章,17
Equation,17
笑點,17
研討會,17
算式,17
不怎麼,17
取得,17
高微,17
怎麼辦,17
保險法,17
有發,17
中考,17
這塊,17
涼度,17
瘋狂,17
groups,17
清理,17
一貫,17
預告,17
社團,17
條文,17
師大,17
Speech,17
化學系,17
介意,17
開設,17
擔任,17
高低,17
不見,17
莫名其妙,17
一下子,17
地理系,17
Big,17
隔天,17
念完,17
會算,17
有無,17
不怕,17
學習效果,17
出去,17
緒論,17
抽樣,17
一屆,17
發文,17
推廣,17
母語,17
線上,17
某種,17
Sons,17
好聽,17
放空,17
最新,17
身分,17
Richard,17
homework,17
攝影,17
放鬆,17
反省,17
Multiple,17
分會,17
補足,17
數列,17
會扣,17
言論自由,17
學習心得,17
設備,17
生活化,17
平台,17
居然,17
博雅,17
喜好,17
必帶,17
範疇,17
Politics,17
transform,17
eg,17
我要,17
喜愛,17
力量,17
展開,17
聆聽,17
可說是,17
第二章,17
World,17
是門,17
中是,17
爆滿,17
小孩,17
書上,17
Behavior,17
評審,17
代課,17
course,17
紀錄片,17
各類,17
電路設計,17
寒假,17
甜到,17
非常重視,16
Disorders,16
集合,16
儘量,16
暑修,16
各項,16
Dynamics,16
卻是,16
猜測,16
權益,16
蛋糕,16
Matlab,16
換算,16
充裕,16
講一講,16
平易近人,16
為例,16
二次,16
製造,16
英聽,16
做習題,16
本次,16
早就,16
提點,16
廣告,16
Google,16
演出,16
搞不清楚,16
行前,16
資本主義,16
起源,16
Semiconductor,16
好惡,16
詩人,16
坐得,16
甜甜,16
解惑,16
指閱,16
研讀,16
論證,16
作業量,16
這課,16
更新,16
簽吧,16
實驗課,16
功夫,16
Determinants,16
名稱,16
Matrix,16
交卷,16
心裡,16
良心,16
體諒,16
Numerical,16
外國人,16
樓上,16
時刻,16
隨性,16
可不,16
挑戰性,16
Distribution,16
傷害,16
簡易,16
每天,16
千萬別,16
Ex,16
兩班,16
休閒,16
沉悶,16
優化,16
Overview,16
和藹,16
想過,16
素材,16
讀書會,16
銀行學,16
不外乎,16
乾脆,16
半顆,16
先修過,16
貞穎,16
安靜,16
依序,16
不停,16
很漂亮,16
會視,16
輕易,16
權威,16
分解,16
綠色,16
過多,16
十二,16
熟練,16
太低,16
傳球,16
topic,16
一同,16
土壤,16
迅速,16
Networks,16
會幫,16
光電,16
高中數學,16
寫有,16
超出,16
困境,16
特徵,16
延長,16
教導,16
土地,16
消失,16
張愛玲,16
魯迅,16
印下來,16
programming,16
保留,16
比喻,16
Finance,16
改得,16
表格,16
後半部,16
四篇,16
轉變,16
research,16
有別於,16
就業,16
命題,16
危機,16
得心應手,16
西文,16
作弊,16
選題,16
大幅,16
難題,16
三項,16
自由主義,16
報告會,16
熱烈,16
algebra,16
一分鐘,16
極大,16
還請,16
指正,16
Free,16
層次,16
電資,16
前半部,16
滿好,16
有開,16
僅供參考,16
EM,16
流動,16
合開,16
死背,16
Environment,16
英文課,16
好壞,16
做作業,16
無奈,16
寫個,16
Solutions,16
醫學系,16
Recitation,16
大抵,16
緩慢,16
舉行,16
做過,16
回歸,16
電化學,16
事項,16
給得,16
課前預習,16
Python,16
從來沒,16
跳來跳去,16
拋出,16
八次,16
兩節,16
中世紀,16
肌肉,16
Logic,16
講起,16
Canonical,16
營養素,16
考上,16
實施,16
時有,16
不去,16
Phase,16
革命,16
體能,15
行程,15
人太多,15
租稅,15
朱樺,15
Third,15
那裡,15
障礙者,15
第六章,15
決心,15
先讀,15
Life,15
討論會,15
稍稍,15
給了,15
兩顆,15
給人,15
外賓,15
俄國,15
本質,15
轉寫,15
整門,15
絕不,15
指標,15
約頁,15
C語言,15
術語,15
對方,15
訴訟法,15
第二個,15
問過,15
一來,15
超越,15
緊湊,15
完美,15
要問,15
一首,15
體悟,15
學系,15
搞笑,15
分析方法,15
不曾,15
大抄,15
再補,15
味道,15
excel,15
Circuit,15
交易,15
design,15
一再,15
化工系,15
簡短,15
二十分鐘,15
壓縮,15
代替,15
國考,15
十週,15
被告,15
各國,15
師傅,15
各式各樣,15
這屆,15
受用,15
轉自,15
More,15
Risk,15
短篇,15
修會,15
btw,15
第節,15
此門,15
法國,15
很長,15
拿捏,15
Dirac,15
分有,15
完形,15
Word,15
講座,15
長度,15
容許,15
Work,15
求學,15
Dynamic,15
兩三,15
齊震宇,15
受益,15
不教,15
食品,15
每節課,15
公開,15
分是,15
中時,15
report,15
Geometry,15
某次,15
QA,15
畫出,15
之所以,15
課輔,15
留給,15
外國,15
考試分數,15
高三,15
作物,15
Psychology,15
保險,15
通訊,15
害羞,15
八個,15
臨床,15
四人一組,15
不當,15
Reference,15
物件,15
失敗,15
考慮一下,15
you,15
古媽,15
一名,15
second,15
吃虧,15
take,15
My,15
會加分,15
那時,15
說不定,15
AutoCAD,15
發還,15
teaching,15
必備,15
四五,15
可見,15
末考,15
階級,15
反覆,15
作圖,15
封面,15
年來,15
Special,15
助理,15
遺憾,15
聊聊,15
ptt,15
棒球,15
種種,15
治理,15
浪漫,15
知名,15
勸退,15
文中,15
何謂,15
套用,15
古代,15
中途,15
拿出,15
各家,15
Communication,15
變形,15
多項式,15
很常,15
師資,15
傾向,15
有講,15
總圖,15
反對,15
成就,15
問到,15
傅立葉,15
space,15
舞步,15
中等,15
Syllabus,15
亂寫,15
融入,15
作法,15
約莫,15
精采,15
場論,15
導言,15
History,15
能量,15
子句,15
會加,15
主體,15
話題,15
到期,15
工程圖,15
讀者,15
隊友,15
歌曲,15
達成,15
都簽,15
臺北,15
餵球,15
低於,15
放心,14
Strategies,14
歐洲,14
精確,14
氛圍,14
求導,14
圍繞,14
該講,14
單一,14
拜託,14
婦女,14
快要,14
文學作品,14
超有,14
反駁,14
書商,14
紀念,14
Capital,14
兩分,14
被動,14
流行歌曲,14
繪製,14
仁慈,14
非常豐富,14
生日,14
路徑,14
開會,14
Field,14
簡要,14
導向,14
現代文學,14
American,14
是講,14
考分,14
PPPP,14
衝堂,14
我還,14
python,14
病假,14
Form,14
古文,14
高年級,14
大型,14
李老師,14
突襲,14
截止,14
算滿,14
呼吸,14
週五,14
不太到,14
一小,14
找人,14
android,14
三到,14
PDE,14
完畢,14
沒教,14
夠用,14
無須,14
辦公室,14
一般而言,14
傻眼,14
暗示,14
相互,14
回憶,14
丟出,14
兩天,14
所在,14
用處,14
隨意,14
三節,14
Orthogonal,14
之夜,14
邊緣,14
人民,14
某某,14
applications,14
第三類,14
打招呼,14
替代,14
漏掉,14
Microeconomics,14
BB,14
定價,14
路上,14
是將,14
一共,14
Smith,14
Ode,14
兩門,14
補充教材,14
Mathematics,14
不同於,14
點名單,14
不太可能,14
管理學,14
定位,14
詩作,14
巧克力,14
交出,14
好奇,14
人人,14
鳥類,14
兩分鐘,14
失去,14
尋找,14
劇情,14
平心而論,14
空白,14
over,14
是題,14
新體,14
根本就是,14
每一題,14
學習態度,14
師從,14
Shakespeare,14
物化,14
Coding,14
清單,14
陌生,14
Kieso,14
Open,14
變少,14
高中物理,14
三思,14
再說,14
Economic,14
地球,14
玩笑,14
打開,14
四位,14
要教,14
訂正,14
族群,14
另一方面,14
類別,14
男女,14
快來,14
power,14
變遷,14
艱深,14
過得,14
Intermediate,14
罵人,14
小題,14
比較慢,14
截擊,14
寫法,14
form,14
雷射,14
Mankiw,14
肯定,14
新知,14
這項,14
某種程度,14
背熟,14
Gas,14
好幾,14
寫寫,14
計入,14
不了,14
On,14
Other,14
五星,14
篩選,14
冗長,14
法理,14
Carter,14
talk,14
www,14
收回,14
許士,14
引發,14
data,14
Global,14
則會,14
法理學,14
印給,14
當年,14
補交,14
洩題,14
Electrodynamics,14
展示,14
法院,14
一時,14
演變,14
蠻大,14
心思,14
滿甜,14
Early,14
國際法,14
基本知識,14
擺爛,14
再三,14
銜接,14
徒然,14
工管,14
蛋白質,14
勞動,14
循序漸進,14
算法,14
語料,14
善用,14
課表,13
Integration,13
編寫,13
AC,13
構造,13
當前,13
口音,13
沒用,13
綱要,13
書中,13
風範,13
推倒,13
林以,13
product,13
算蠻,13
主持,13
文章內容,13
無故,13
充足,13
Wireless,13
顏色,13
二上,13
掌控,13
聯絡,13
學界,13
工整,13
對此,13
Elementary,13
隨堂測驗,13
就學,13
總統制,13
所在位置,13
即時,13
意願,13
有把握,13
兩部,13
會蠻,13
偏難,13
概述,13
那週,13
爵士樂,13
methods,13
博士班,13
笑聲,13
課並,13
不易,13
第六週,13
神秘,13
方程,13
刑事責任,13
module,13
手速,13
problems,13
排隊,13
十一,13
四人,13
法則,13
表情,13
會變,13
希臘,13
再用,13
Value,13
繁雜,13
本紀,13
不輕,13
認真學習,13
規格,13
該週,13
預定,13
LL,13
尊重,13
五篇,13
清代,13
群組,13
完一,13
特別注意,13
簡直,13
回頭,13
八思巴,13
運動會,13
Lecture,13
Communications,13
會照,13
沒講,13
地位,13
比較複雜,13
激動,13
漫畫,13
元素,13
Investment,13
看不到,13
下方,13
拒絕,13
指派,13
conference,13
出頭,13
拉丁文,13
陷阱,13
恐嚇,13
共次,13
上周,13
給他,13
明清,13
實察,13
一向,13
Eisberg,13
逐漸,13
句型練習,13
我修,13
平淡,13
給過,13
反拍,13
多個,13
Estimation,13
關懷,13
Android,13
十二週,13
創造,13
證據,13
樣本,13
附帶,13
最愛,13
佩服,13
有問必答,13
些許,13
字彙,13
系列,13
最小,13
Derivatives,13
跟隨,13
兩頁,13
Some,13
Transport,13
care,13
Fluid,13
說服,13
style,13
減少,13
筆電,13
划手,13
激盪,13
因斯,13
學生會,13
尚未,13
Change,13
廁所,13
不多,13
也還,13
接續,13
抽問,13
problem,13
看一看,13
系統性,13
GIS,13
自覺,13
等待,13
狹義,13
震盪,13
Brown,13
函式,13
分小組,13
研究室,13
用力,13
到點,13
所得,13
students,13
抄襲,13
指出,13
不介意,13
王老師,13
重講,13
不厭其煩,13
動態,13
飛快,13
號稱,13
獨特,13
良好,13
Transformation,13
三民,13
預先,13
時才,13
Function,13
Hall,13
逐步,13
門好,13
Matrices,13
小遊戲,13
下手,13
離題,13
任務,13
九十,13
摸索,13
Surface,13
重大,13
原住民,13
深入探討,13
靜力學,13
以免,13
約略,13
抄寫,13
做些,13
小聲,13
受不了,13
Discrete,13
冷門,13
光學,13
多加,13
我給,13
集團,13
貨銀,13
姓名,13
根號,13
response,13
園林,13
超推,13
每一,13
審議,13
Processes,13
如上所述,13
國語,13
審查,13
以至於,13
西方,13
簡述,13
眾多,13
多年,13
Asset,13
AB,13
要給,13
英美,13
海洋,13
大力,13
午餐,13
即興,13
正面,13
一是,13
龐大,13
PLL,13
有要,13
哪種,13
律師,13
通信,13
Techniques,13
強度,13
單選題,13
老毛,13
Entropy,13
Heat,13
比賽規則,13
太陽,13
溫書假,13
超時,13
信箱,13
所寫,13
搶答,13
漢語拼音,13
結報,13
文忠,12
陷入,12
遊樂,12
修得,12
區分,12
大都,12
運球,12
晚到,12
只不過,12
講些,12
兩面,12
課教,12
正在,12
推演,12
Simple,12
從零開始,12
傷心,12
Cengage,12
世界史,12
跑步,12
挖空,12
透徹,12
NTU,12
放慢,12
講他,12
人有,12
時代背景,12
邀約,12
太累,12
都給,12
檢測,12
期許,12
關掉,12
due,12
要選,12
生態學,12
知識論,12
study,12
適時,12
字典,12
摘自,12
演習,12
考點,12
公衛,12
DNA,12
輔具,12
兩章,12
導師,12
促進,12
Man,12
理工科,12
因人而異,12
柏拉圖,12
民族,12
寫作文,12
變格,12
防治,12
隨和,12
這們,12
十次,12
得出,12
取消,12
放大器,12
地雷,12
那組,12
貨幣政策,12
強制執行,12
涼涼的,12
命令,12
cover,12
危險,12
每星期,12
文宣,12
抱持,12
實際操作,12
人選,12
學完,12
第八,12
可憐,12
別組,12
術科,12
Understanding,12
第八章,12
人口,12
妙芬,12
見仁見智,12
從裡,12
長期,12
一番,12
不買,12
按時,12
四種,12
Beams,12
Steven,12
physics,12
成品,12
多寡,12
regression,12
慶幸,12
隨興,12
不熟,12
橄欖球,12
Assignment,12
Problem,12
takehome,12
美好,12
釋憲,12
太長,12
how,12
可能性,12
比分,12
資工,12
星期二,12
set,12
元旦,12
沒想到,12
亦可,12
細讀,12
Friedberg,12
ring,12
IO,12
檢索,12
下水,12
境界,12
堪稱,12
大意,12
聽說讀寫,12
一寫,12
其次,12
簡而言之,12
介係詞,12
Strain,12
推文,12
先秦,12
附註,12
繁複,12
性格,12
保障,12
國際貿易,12
Government,12
金屬,12
Supply,12
打字,12
Devices,12
STATA,12
笑容,12
該組,12
Queueing,12
整齊,12
語速,12
推動,12
債之,12
CD,12
小球,12
組為,12
移位,12
Proposal,12
基準,12
前兩節,12
properties,12
滿難,12
初時,12
客語,12
行政法,12
對外,12
信心,12
本篇,12
PAPER,12
From,12
衝突,12
有過,12
靈活,12
暴力,12
助益,12
帶有,12
工程師,12
力氣,12
人們,12
面出,12
挫折,12
記下來,12
輔導,12
公告,12
帶入,12
試圖,12
還想,12
一般來說,12
無需,12
Mass,12
Real,12
視角,12
Recognition,12
多重,12
激發,12
十顆,12
過度,12
第一排,12
扮演,12
一至,12
並於,12
門檻,12
二階,12
八成,12
異同,12
只用,12
空氣,12
Women,12
奈米,12
挑出,12
四周,12
框架,12
手法,12
tensor,12
總體經濟,12
information,12
三大題,12
同儕,12
主句,12
兼通,12
七次,12
沒修,12
興起,12
備註,12
出身,12
沒抄,12
楚辭,12
提案,12
Oxford,12
一則,12
製圖,12
chemical,12
不及,12
天馬行空,12
以便,12
多球,12
有修,12
序列,12
必考,12
領導,12
粒子,12
光譜,12
非常簡單,12
幾種,12
天文,12
Option,12
滿大,12
Concepts,12
工科,12
第七,12
問問,12
意識形態,12
題數,12
Stress,12
系外,12
大腦,12
碰過,12
無言,12
四份,12
手上,12
一度,12
這科,12
不失,12
會滿,12
五南,12
應用題,12
奇妙,12
第話,12
界定,12
summary,12
便是,12
Sent,12
爆笑,12
Demo,12
Atoms,12
Volume,12
basic,12
司法,12
拓樸,12
隔周,12
貼近,12
Eigenvalues,12
矯正,12
翻英,12
因應,12
拍攝,12
Principle,12
實質,12
兩三個,12
十五分鐘,12
接收,12
電子產品,12
算扎實,12
立即,12
資深,12
服貿,12
有助於,12
speech,12
來教,12
困惑,12
書本,12
Testing,12
預設,12
例外,12
舉手發言,12
從頭到尾,12
Michael,12
Griffith,12
Hill,12
這篇文,12
黃光裕,12
並在,12
計程,12
生字,12
分開,12
主講,12
心血,11
納入,11
學識,11
三四,11
典型,11
外系修,11
給到,11
教練,11
第制,11
Algorithms,11
想問,11
那段,11
不太管,11
說實話,11
剩餘,11
太小,11
多種,11
Riemann,11
Old,11
中肯,11
之內,11
聲調,11
意志,11
太慢,11
成分,11
羞辱,11
Machine,11
Definition,11
繼承,11
圖像,11
規模,11
有線,11
高於,11
寫上去,11
Berliner,11
大同小異,11
Nederland,11
語句,11
誤差,11
忍受,11
Journal,11
使用者,11
吃飯,11
Poetry,11
IRS,11
教學方法,11
偵查,11
xd,11
業的,11
integrals,11
地區,11
尼采,11
Joseph,11
可寫,11
分析化學,11
幾週會,11
引起,11
分班,11
摘錄,11
有學過,11
足以,11
新版,11
六週,11
感興趣,11
必然,11
樂趣,11
好會,11
能否,11
老實,11
we,11
碩班,11
Distributions,11
同步,11
泰勒,11
頻繁,11
minimal,11
系主任,11
開成,11
效力,11
考取,11
不下,11
很帥,11
應力,11
師父,11
試試,11
方法論,11
State,11
新鮮,11
佛教,11
太常,11
救護,11
幾句,11
省略,11
買賣,11
三角函數,11
日後,11
起床,11
顯然,11
量測,11
舊體,11
受傷,11
中翻,11
迴圈,11
氣質,11
流利,11
最少,11
政治經濟,11
弄清楚,11
取向,11
蛀牙,11
人家,11
形象,11
熟讀,11
Taylor,11
加分用,11
半節課,11
將來,11
Polymer,11
Hackathon,11
沒交,11
幾組,11
土地法,11
先給,11
主角,11
中譯本,11
故宮,11
尚昂,11
相反,11
倫理學,11
對牆,11
內容豐富,11
收集,11
介於,11
七題,11
JAVA,11
課一,11
第九章,11
主張,11
社科,11
獨到,11
講錯,11
Arthur,11
勇敢,11
雜誌,11
比較清楚,11
秩序,11
圖書,11
授信,11
五點,11
農學院,11
Gauss,11
絕大部分,11
突破,11
生來,11
做操,11
最初,11
大會,11
Gender,11
教起,11
時機,11
課才,11
觀課,11
CC,11
傳接球,11
年輕人,11
點心,11
民主化,11
Relations,11
仔細聽,11
不收,11
數學課,11
照抄,11
再也,11
十幾,11
整整,11
Taiwan,11
symmetry,11
前期,11
全班同學,11
瞬間,11
學習策略,11
人蠻,11
傳染病,11
matrix,11
審判,11
德宗,11
說完,11
新增,11
questions,11
轉型,11
施秀惠,11
步法,11
面試,11
謹慎,11
初學,11
酷兒,11
分辨,11
徹底,11
有意思,11
一陣子,11
並未,11
桌子,11
作業系統,11
規訓,11
戲曲,11
政治經濟學,11
活力,11
不法,11
分離,11
軌道,11
柔道,11
各章,11
改版,11
課率,11
少量,11
正規,11
Auditing,11
實現,11
用於,11
滿有,11
二選,11
Layer,11
稱讚,11
片語,11
組長,11
老殘遊記,11
輸出,11
傳遞,11
批判性,11
carry,11
大略,11
提高,11
成績單,11
日誌,11
意象,11
Excel,11
資金,11
註解,11
concepts,11
第一份,11
跳舞,11
擴張,11
半年,11
想必,11
雙面,11
習得,11
臉書,11
周末,11
中堂,11
工管系,11
驚人,11
人才,11
講出,11
奉勸,11
一如,11
衍生,11
羽球,11
走過,11
也好,11
更深,11
有太多,11
趣味,11
記憶性,11
不用說,11
兩大題,11
諸如,11
rings,11
很累,11
覺得很有,11
略過,11
申請,11
彩色,11
一整,11
Corporate,11
成員,11
醫院,11
Ross,11
就講,11
見識,11
聽聽看,11
Jordan,11
向來,11
當通識,11
波動,11
係數,11
從事,11
syllabus,11
要將,11
風采,11
問你,11
follow,11
修涼課,11
贅述,11
乘以,11
好心,11
兼任,11
Solid,11
美食,11
之餘,11
不定,11
寫信給,11
不簽,11
爬蟲,11
規畫,11
人不多,11
鑽研,11
少有,11
老人,11
考好,11
景新,11
俊榮,11
勇於,11
如上,11
點了,11
vector,11
爭取,11
四班,11
多講,11
很酷,11
很夠,11
內心,11
大方向,11
一間,11
值得一提的是,11
造化,11
Production,11
EMT,11
Audit,11
牛頓,11
很差,11
擇一,11
福利,11
發回,11
音標,10
換成,10
熱物,10
Cost,10
口頭禪,10
BOPPPS,10
陶淵明,10
已知,10
還以,10
堂上,10
人間,10
所長,10
慎選,10
記憶力,10
XXX,10
所得稅,10
滿載而歸,10
籃球,10
講說,10
時不時,10
IFRS,10
三分鐘,10
繁殖,10
sense,10
涉獵,10
MOS,10
各系,10
九點,10
東坡,10
糟糕,10
送禮,10
your,10
太少,10
先用,10
Stochastic,10
習慣法,10
草草,10
改完,10
好比,10
負面,10
負荷,10
送分,10
Algorithm,10
課修,10
好學,10
共鳴,10
科學家,10
閱讀寫作,10
一路,10
distribution,10
模仿,10
很醜,10
用意,10
何時,10
Modeling,10
Technology,10
招呼,10
想給,10
奧妙,10
元照,10
不准,10
各半,10
刑事訴訟法,10
品牌,10
不適,10
答錯,10
較大,10
Tales,10
differentiation,10
到時候,10
主流,10
步伐,10
般的,10
很鬆,10
懲罰,10
上要,10
大調,10
Matter,10
Economy,10
fields,10
犯錯,10
資管系,10
兩樣,10
Conclusion,10
新手,10
偏易,10
降低,10
群論,10
Jackson,10
課程目標,10
lab,10
寶寶,10
不動產,10
代理,10
禮拜二,10
花費,10
流力,10
生醫,10
Don,10
Western,10
layer,10
哪邊,10
太極拳,10
精準,10
問卷,10
滴定,10
Spaces,10
這對,10
排名賽,10
Stephen,10
繞射,10
繪畫,10
沉默,10
藥物,10
周遭,10
三頁,10
不修,10
意想不到,10
英雄,10
小節,10
必要性,10
前者,10
合併,10
Academic,10
vocabulaire,10
不清,10
員工,10
地景,10
逼近,10
選擇權,10
兒童,10
種族,10
Company,10
property,10
女兒,10
專題討論,10
flow,10
大於,10
Nonlinear,10
Platz,10
教新,10
抱歉,10
遇過,10
dragon,10
分心,10
pp,10
Great,10
至多,10
問了,10
沒去,10
Vol,10
West,10
死亡,10
天分,10
三角,10
翻成,10
超大,10
三天,10
地質系,10
國內外,10
TAT,10
這讓,10
獎勵,10
爾成,10
導數,10
基本權利,10
連續性,10
Using,10
大樓,10
數個,10
高深,10
地調,10
音量,10
WORD,10
接發球,10
大事,10
途中,10
一排,10
看重,10
這張,10
算不算,10
社會保險,10
Aanvullend,10
企鵝,10
關聯性,10
Graphics,10
ChCh,10
小學,10
英國文學,10
六朝,10
走路,10
Rules,10
裡有,10
答應,10
道歉,10
Beer,10
一聽,10
會調,10
感冒,10
Discussion,10
可用,10
第十章,10
白話,10
頭腦,10
各出,10
國際公法,10
必選,10
才行,10
流傳,10
偏好,10
證券,10
前進,10
粉筆,10
親民,10
principles,10
擇優,10
精簡,10
課還,10
mechanics,10
approach,10
Education,10
不妨,10
履行,10
Engineers,10
共筆,10
第六,10
很精采,10
多一些,10
猶豫,10
乾淨,10
預測,10
上海,10
對待,10
下文,10
違法,10
七八,10
宣稱,10
酸鹼,10
看熟,10
經由,10
刑法學,10
四組,10
堂會,10
多麼,10
開燈,10
另類,10
特地,10
條件句,10
金庸,10
人心,10
Halliday,10
或者說,10
Assignments,10
過失,10
寫給,10
字詞,10
思索,10
這我,10
Stewart,10
聯想,10
旋轉,10
不等式,10
折磨,10
倒法,10
上臺,10
只講,10
抱佛腳,10
本屆,10
potential,10
很扎實,10
為準,10
天下,10
選講,10
期刊論文,10
白紙,10
得以,10
答得,10
後寫,10
發想,10
校長,10
Business,10
天書,10
派系,10
取代,10
高中化學,10
東亞,10
材力,10
服裝,10
風景,10
夢想,10
戰爭,10
給分算,10
破表,10
有氧,10
農場,10
學門,10
小型,10
Conservation,10
專項,10
葉俊毅,10
第一名,10
懷念,10
特教,10
蝶式,10
二十分,10
必修課程,10
兩項,10
栽培,10
Contemporary,10
雙葉,10
Coordinates,10
難免會,10
佔領,10
太忙,10
不太夠,10
器材,10
偏低,10
physical,10
重建,10
實體,10
配對,10
難忘,10
脾氣,10
措施,10
文件,10
英文版,10
Map,10
Two,10
這題,10
實數,10
唸過,10
聊齋,10
circuits,10
參與者,10
上個,10
多花,10
禮儀,10
難易度,10
et,10
支援,10
週三,10
掃描,10
好吃,10
更進一步,10
剛開,10
增廣見聞,10
留意,10
對稱,10
愛上,10
典範,10
想講,10
放水,10
厚度,10
Love,10
話本,10
唐傳奇,10
先有,10
Lagrange,10
聲明,10
較佳,10
天堂,10
Sep,10
放掉,10
幅度,10
一個個,10
We,10
要記,10
已有,10
早退,10
零顆,10
從前,10
思想家,10
水文,10
不合理,10
後果,10
Electric,10
講法,10
含有,10
考個,10
法學院,10
Student,10
幸好,10
幾章,10
Motion,10
Prentice,10
代簽,10
遞迴,10
半夜,10
學學,10
見到,10
微波,10
物理學,10
債券,10
球拍,10
普普,10
way,10
經理人,10
鳥禽,10
敘事,10
簽有,10
Product,10
引擎,10
Frequency,10
分子生物學,10
NICE,10
萬一,10
報表,10
China,10
重頭戲,10
嚇跑,10
Markov,10
再問,10
總區,10
work,10
交心,10
boundary,10
Number,10
發明,10
定期,10
巡視,10
難事,10
熱絡,10
動腦,9
直說,9
畜產,9
道家,9
歌劇,9
語意,9
經研,9
it,9
Diagonalization,9
註明,9
文體,9
資訊科技,9
課堂氣氛,9
伸展,9
乏味,9
添東,9
that,9
辨認,9
Young,9
全球化,9
蒙古語,9
從小,9
的問,9
秉持,9
戶外,9
測度,9
Grammatica,9
LES,9
Der,9
蠻難,9
上帝,9
變質岩,9
給想,9
變更,9
每隔,9
起伏,9
法益,9
Sampling,9
Nederlanders,9
何要,9
相近,9
簡化,9
Good,9
排課,9
均勻,9
一隻,9
Zumdahl,9
下列,9
表單,9
一千,9
前排,9
ecology,9
腦中,9
全拿,9
幾遍,9
之於,9
音檔,9
校慶,9
各式,9
十四,9
螢幕,9
退休金,9
條理,9
Abel,9
懷疑論,9
消息,9
取自,9
當了,9
聊到,9
一不小心,9
心理治療,9
也給,9
more,9
甜涼,9
干涉,9
Rudin,9
語感,9
人大,9
財產權,9
至今,9
親近,9
麗娟,9
加考,9
中文版,9
Study,9
很煩,9
能給,9
甜課,9
仰式,9
新來,9
歷史課,9
週末,9
偏離,9
第號,9
講清楚,9
釋憲文,9
Particles,9
眼光,9
Creative,9
直線,9
前幾次,9
自嘲,9
不可多得,9
代名詞,9
威脅,9
缺陷,9
國標,9
共同體,9
Potential,9
冠詞,9
簽完,9
明講,9
語錄,9
磨練,9
蓋章,9
順暢,9
程序法,9
假日,9
mapping,9
雙手,9
solutions,9
服從,9
盲點,9
疑慮,9
理學院,9
讀音,9
can,9
零星,9
常講,9
Processing,9
三十分鐘,9
工圖,9
財務報表,9
分隊,9
忙碌,9
正方,9
美中不足,9
出乎意料,9
唸完,9
四年,9
掃過,9
Lagrangian,9
排除,9
萬年,9
緊急,9
Charles,9
視同,9
熱力,9
Transition,9
最佳,9
搞不好,9
交了,9
Animal,9
免費,9
Analytical,9
value,9
會留,9
她們,9
Email,9
quantum,9
不寫,9
恐懼,9
學姐,9
晶體結構,9
Magnetic,9
Kinetics,9
家裡,9
人滿,9
三國,9
開場,9
先備,9
二是,9
本堂,9
一下下,9
化工,9
加課,9
轉班,9
社群,9
任選,9
兩倍,9
topics,9
目錄,9
出個,9
科普,9
理論家,9
Integrated,9
嚴厲,9
深厚,9
離譜,9
上升,9
人格,9
閉書考,9
Income,9
Strategic,9
香港,9
時點,9
週一,9
書評,9
other,9
顧問,9
Studies,9
下述,9
予以,9
通論,9
多樣,9
CAD,9
許可,9
停留,9
path,9
途徑,9
鋪陳,9
先教,9
放過,9
三年,9
忘光,9
素養,9
現金,9
轉動,9
震撼,9
恰當,9
電視,9
失靈,9
判例,9
quiz,9
家產,9
無母數,9
同系,9
規矩,9
週四,9
過往,9
二十世紀,9
默書,9
冪級數,9
課蠻,9
White,9
先說,9
六點,9
science,9
文選,9
收尾,9
自習,9
永豐,9
手冊,9
Boston,9
Solution,9
十三,9
難聽,9
NHK,9
製備,9
Microteaching,9
孽子,9
八點,9
質量,9
腳踏車,9
細項,9
放進,9
官員,9
樣貌,9
誠意,9
晶片,9
輕微,9
問我,9
講題,9
甜甜的,9
Specific,9
礙於,9
珍惜,9
生病,9
殺人,9
用筆,9
注意力,9
Groups,9
第二篇,9
桌上,9
王業立,9
Are,9
非訟,9
愛的,9
精髓,9
第四次,9
一旦,9
哈佛,9
發散,9
鋼鐵,9
來到,9
TT,9
打鐘,9
Space,9
給有,9
不太想,9
全場,9
生成,9
客氣,9
椅子,9
命名,9
區間,9
表明,9
energy,9
考古學,9
無論如何,9
拜倫,9
原作者,9
物品,9
請來,9
侷限,9
若想,9
載子,9
系大一,9
很雜,9
感性,9
園區,9
general,9
視為,9
課業,9
倒扣,9
本週,9
浪費時間,9
願望,9
零碎,9
小篆,9
挑球,9
George,9
之道,9
Standard,9
想加簽,9
開展,9
現有,9
四方,9
訂定,9
翁秉仁,9
空格,9
好好學,9
EX,9
hr,9
排序,9
前三名,9
自傳,9
非營利,9
學妹,9
Bond,9
Scenes,9
衛生,9
粗淺,9
IV,9
標註,9
很嚴,9
抑或,9
觸及,9
文學院,9
題考,9
兩岸,9
功用,9
羅馬,9
口授,9
密碼學,9
不計,9
念熟,9
反之,9
找尋,9
任意,9
算清楚,9
便會,9
management,9
解剖,9
世家,9
李明學,9
Maxwell,9
第二年,9
精華區,9
notes,9
幾本,9
預估,9
幾分鐘,9
有幸,9
犀利,9
記下,9
交回,9
Walter,9
篇目,9
後續,9
證照,9
課用,9
我問,9
重組,9
這就,9
發過,9
釋義,9
Health,9
分錄,9
HCI,9
先寫,9
報備,9
傅柯,9
膠片,9
傅佩榮,9
醫生,9
舉出,9
Thermodynamic,9
王俊能,9
no,9
上場,9
講台,9
兒子,9
簡體字,9
高階,9
上手,9
一封,9
統計力學,9
字體,9
special,9
電磁波,9
詞選,9
偷懶,9
思路,9
不太當,9
邊界,9
裁判,9
人員,9
課文內容,9
女神,9
自以,9
碰撞,9
誤會,9
高統,9
卡卡,9
solids,9
Demand,9
負債,9
Memory,9
養成,9
ensemble,9
PPPPPP,9
轉系,9
Investments,9
無故缺席,9
系辦,9
沒調,9
Biology,9
一兩週,9
第七章,9
相應,9
傾聽,9
課餘時間,9
所講,9
Hal,9
Philip,9
電力,9
背下來,9
列舉,9
除外,9
談談,9
youtube,9
體適,9
略知一二,9
Costs,9
拿個,9
老婆,9
優惠,9
加速,9
扣殺,9
林業,9
太好,9
左轉,9
就給,9
session,9
It,9
分散,9
打折,9
自創,9
這是門,9
法國人,9
非洲,9
operator,9
更動,9
供給,9
女同學,9
Its,9
本組,9
單雙打,9
面臨,9
在讀,9
現行,9
機關,9
匿名,9
引入,9
One,9
官能,9
王道,9
偏快,9
CAPM,9
冠軍,9
義學,9
先帶,9
不喜,9
要不然,9
Waves,9
前有,9
兄弟,9
聰富,9
Types,8
磁性,8
傳言,8
流體,8
年金,8
Video,8
Inc,8
生動活潑,8
動漫,8
和平,8
支出,8
數一數二,8
獲益,8
善意,8
拓展,8
分生,8
不但,8
撒嬌,8
拯救,8
疾患,8
會播,8
Topics,8
大道,8
Macroeconomics,8
晚餐,8
Tests,8
公共行政,8
PN,8
play,8
從沒,8
墨水,8
Grace,8
星期六,8
電繪,8
正拍,8
更改,8
question,8
香蕉,8
效能,8
乳品,8
太緊張,8
抽球,8
班有,8
全揮桿,8
Solids,8
宣傳,8
藥學系,8
由來,8
一回,8
提早到,8
沒說,8
我想,8
超愛,8
中國史,8
內文,8
冶金,8
校內,8
credit,8
新專,8
氫原子,8
拿掉,8
Individual,8
美學,8
訂書,8
單面,8
商戰,8
Concept,8
不太有,8
四到,8
入手,8
high,8
經驗豐富,8
地質,8
打下,8
領取,8
念頭,8
課因,8
取決於,8
不低,8
二類,8
spaces,8
有簽,8
活用,8
equilibrium,8
課內,8
譬如,8
組隊,8
透露,8
一筆,8
基底,8
滿快,8
加到,8
不得而知,8
幾份,8
中華民國,8
武俠小說,8
組選,8
外部性,8
系生,8
何不,8
Statement,8
包裝,8
初有,8
前才,8
testing,8
傳給,8
有待,8
生日禮物,8
Take,8
單詞,8
Skoog,8
Extra,8
空位,8
會為,8
他教,8
穿著,8
雷同,8
上到,8
詩詞,8
黃金,8
確保,8
所言,8
起初,8
粗略,8
給定,8
保健,8
後門,8
硬要,8
一再強調,8
first,8
之處,8
照護,8
變位,8
金融業,8
吳怡潔,8
四分,8
兩邊,8
this,8
室外,8
看運氣,8
虛擬,8
射門,8
Prologue,8
多點,8
本周,8
基因工程,8
Forms,8
Organizational,8
淺顯,8
並會,8
sequence,8
合照,8
中後段,8
lol,8
切換,8
想不到,8
第十六,8
和藹可親,8
一輩子,8
PD,8
著實,8
講堂,8
他問,8
餐廳,8
英檢,8
第一本,8
字跡,8
軼事,8
必定,8
對抗,8
台前,8
輸入,8
惡補,8
偏微分,8
ratio,8
教給,8
文貞,8
cycle,8
eigenvalue,8
Gains,8
微笑,8
behavior,8
不出,8
設立,8
回事,8
逐一,8
屁話,8
改過,8
Heart,8
董事,8
保健食品,8
許惠晴,8
容量,8
有變,8
Why,8
略懂,8
Century,8
皮拉,8
phenomenon,8
末期,8
性騷擾,8
版有,8
英史,8
感觸,8
Practice,8
優勢,8
Operations,8
Signals,8
前人,8
非常適合,8
碩士,8
page,8
二到,8
principle,8
信手拈來,8
世界觀,8
部門,8
平面,8
爭論,8
深思,8
Atomic,8
物理化學,8
連同,8
隨後,8
團體賽,8
詳情,8
恐怕,8
Williams,8
分到,8
鑑別,8
聽力測驗,8
少部分,8
掰掰,8
學姊,8
半天,8
但並,8
平日,8
Black,8
台詞,8
算好,8
Informal,8
一對一,8
題分,8
短短,8
到處,8
訪客,8
不知所云,8
___,8
歷史背景,8
督促,8
鐘響,8
看圖,8
自讀,8
導出,8
艱難,8
制定,8
推理,8
只差,8
重覆,8
偉邦,8
MIT,8
交錯,8
三選二,8
六人,8
deadline,8
情詩,8
Theories,8
弟妹們,8
Night,8
寒假作業,8
翻閱,8
Inference,8
求救,8
電話,8
會放上,8
短暫,8
全錯,8
六十,8
只教,8
loop,8
雜亂,8
顯著,8
Wave,8
PA,8
看吧,8
Wife,8
嚇到,8
筆跡,8
連我,8
政權,8
推派,8
互換,8
LED,8
個位數,8
複數,8
禮貌,8
捷運系統,8
Tale,8
about,8
婚姻,8
兩大,8
遇上,8
成形,8
熱誠,8
崇聖,8
評斷,8
校友,8
Interest,8
公衛系,8
思緒,8
market,8
口味,8
Guest,8
重考,8
他用,8
oral,8
共產主義,8
歸責,8
節省,8
離散,8
首次,8
背課,8
給加簽,8
index,8
完有,8
Consumers,8
慢跑,8
Political,8
不成比例,8
文有,8
再點,8
全民,8
親身經歷,8
鬼混,8
污名,8
這類,8
秘密,8
最快,8
儒家,8
昆蟲,8
real,8
探究,8
聽眾,8
齒輪,8
五到,8
曲面,8
共分,8
蘋果,8
不加簽,8
競合,8
Ideal,8
所用,8
前半,8
教官,8
腎臟,8
護身,8
水族,8
有責,8
龍蝦,8
人太少,8
茫然,8
史觀,8
平移,8
猜題,8
Test,8
演算,8
廣度,8
各分,8
善良,8
抓住,8
分算,8
下界,8
發展趨勢,8
簡言之,8
算了,8
診斷,8
念得,8
通原,8
談話,8
Nice,8
考慮看看,8
祝福,8
練習場,8
原型,8
Knight,8
螺絲,8
May,8
inclass,8
尺度,8
可想而知,8
比率,8
下功夫,8
手抄,8
工作坊,8
想練,8
小調,8
講理,8
劉霆,8
做事,8
its,8
卡方,8
瑕疵,8
腦力激盪,8
提斯,8
分給,8
Competitive,8
流行,8
ii,8
馬克,8
Examination,8
Cell,8
Cambridge,8
帝國,8
短時間,8
親身,8
驅離,8
較少,8
走來走去,8
轉換器,8
並不多,8
還多,8
公約,8
Integral,8
微方,8
言之有物,8
現今,8
去查,8
一個點,8
體位法,8
Phonetics,8
不涼,8
兩門課,8
過但,8
認真聽講,8
我能,8
可帶,8
Relativity,8
生態系,8
舞伴,8
教會,8
過會,8
機車,8
錄製,8
Molecules,8
彌補,8
blackyady,8
點人問,8
真得,8
Spin,8
拿給,8
必需,8
基金,8
來時,8
春秋,8
Renormalization,8
沒讀,8
Polymerization,8
York,8
市長,8
Surfaces,8
立馬,8
隊長,8
太空,8
不怎麼樣,8
近年來,8
別來,8
嚇人,8
展望,8
精通,8
重修,8
受限於,8
大專,8
人力,8
第二語言,8
釋出,8
初次,8
BoseEinstein,8
課講,8
春假,8
魏晉,8
文說,8
一家,8
作出,8
怪怪的,8
微甜,8
跳針,8
比目魚,8
momentum,8
難道,8
當你,8
混過,8
兼顧,8
強化,8
不讓,8
應有,8
沒分,8
娃娃,8
雷庚玲,8
sluca,8
僥倖,8
三星,8
永寧,8
走向,8
超超,8
Van,8
四則運算,8
否定,8
若能,8
發作,8
節日,8
看得,8
Hypothesis,8
免得,8
手寫板,8
藍色,8
Measurement,8
不帶,8
出自於,8
誘因,8
看會,8
人分,8
維度,8
contest,8
大刀,8
time,8
演說,8
雙修,8
開啟,8
助動詞,8
佛朗,8
part,8
先問,8
我並,8
螢幕上,8
Monopoly,8
雙輔,8
插入,8
姐姐,8
完才,8
數論,8
火成岩,8
他山之石,8
零食,8
一條,8
介面,8
有調,8
選取,8
行列式,8
Networking,8
數次,8
太爛,8
一台,8
人潮,8
來信,8
第三版,8
注意事項,8
花蓮,8
chap,8
拉丁,8
翻譯成,8
Go,8
Me,8
道具,8
小抄,8
法官,8
古文字,8
擦掉,8
所教,8
waves,8
有的是,8
傳播,8
重心,8
十七,8
結算,8
提起,8
Image,8
有教,8
樣品,8
Welfare,8
腔調,8
默契,8
homology,8
很爽,8
球路,8
National,8
加快,7
Analytic,7
techniques,7
also,7
三至,7
薛丁格,7
寬容,7
演進,7
murmur,7
再教,7
Transformations,7
Vectors,7
好過,7
切記,7
including,7
物理課,7
算扎,7
Acquisition,7
總歸,7
氧化,7
客戶,7
總的來說,7
捷運,7
attendance,7
低頭,7
一球分,7
背書,7
jefflin,7
一支,7
留言,7
兩本書,7
九成,7
低落,7
Symmetry,7
需不需要,7
週記,7
普普通通,7
老莊,7
能來,7
Acids,7
並有,7
快點,7
紙張,7
異常,7
Complex,7
取材,7
Darthur,7
Lin,7
development,7
王朝,7
還得,7
而論,7
但原,7
打電話,7
逐句,7
加油,7
Meeting,7
牽涉到,7
無視,7
劇團,7
文獻資料,7
OAO,7
半揮桿,7
查表,7
打拳,7
Stability,7
指數函數,7
考核,7
融洽,7
扣除,7
尚可,7
實體法,7
Partial,7
則有,7
outline,7
打擊,7
講下去,7
預防,7
看不見,7
Alexander,7
complex,7
日檢,7
加減,7
各班,7
本年度,7
作業區,7
連貫,7
傳奇,7
私以,7
KH,7
單人,7
反函數,7
走動,7
一字,7
Rational,7
保有,7
聊聊天,7
統合,7
現狀,7
抵抗,7
場景,7
李白,7
一系列,7
飼料,7
會加簽,7
預計,7
close,7
過不去,7
Star,7
沒用過,7
收藏,7
初稿,7
翻日,7
精力,7
課課,7
我考,7
孟子,7
出成,7
een,7
蠻重,7
周會,7
Industry,7
朱有,7
Andrew,7
CNC,7
為主會,7
糖果,7
基本原理,7
交出去,7
僅有,7
聖經,7
Reflection,7
博班,7
花個,7
迷霧,7
課為,7
最為,7
Mechanical,7
三國演義,7
signal,7
連續函數,7
吃香,7
文筆,7
前先,7
逍遙遊,7
裡頭,7
現代性,7
矛盾,7
管會,7
小結,7
學習者,7
去簽,7
轉作,7
速度快,7
idea,7
如前所述,7
SAS,7
完蛋,7
五選,7
起司,7
交法,7
thermodynamics,7
美派,7
氣候,7
第十二章,7
第部,7
德國人,7
親手,7
霸氣,7
請託,7
二樓,7
存續,7
唯有,7
生存,7
獨立思考,7
三點,7
藥學,7
三十,7
經驗談,7
Coleridge,7
傳輸,7
鏗鏘,7
見聞,7
相機,7
上法,7
無從,7
是還,7
精華版,7
小賀,7
雙語,7
shadowing,7
豁然開朗,7
給對,7
Chain,7
導演,7
Canterbury,7
任教,7
Rose,7
Tools,7
換句話說,7
抄下,7
該堂,7
行為學,7
流派,7
分攤,7
較難,7
算出,7
晶體,7
傳送,7
音韻,7
Econometrics,7
文了,7
Joyce,7
因故,7
政大,7
轉身,7
一串,7
三四次,7
次要,7
機電,7
process,7
自問自答,7
判定,7
節錄自,7
講不,7
Capacity,7
兩段,7
這會,7
外交,7
造型,7
Elements,7
二手,7
由淺入深,7
教學進度,7
課裡,7
Feedback,7
分發,7
三樓,7
不幸,7
緣分,7
鍛鍊,7
Gibbs,7
中要,7
企管,7
完完全全,7
總統,7
每節,7
When,7
Topology,7
背完,7
水果,7
改制,7
廣義,7
中英,7
評比,7
近期,7
民國,7
農化系,7
刑事,7
從裡面,7
可加分,7
何種,7
電信,7
stress,7
觀賽,7
Visual,7
Development,7
只讀,7
modern,7
生出,7
projects,7
construction,7
多選,7
黑暗,7
社運,7
debug,7
奇葩,7
心目,7
present,7
theorems,7
so,7
一知半解,7
易經,7
沒想過,7
該課,7
最新版,7
機率論,7
algorithms,7
央行,7
母體,7
Weinberg,7
沒用到,7
古詩,7
發呆,7
週報,7
tutorial,7
Kinematics,7
凸輪,7
參雜,7
國中,7
心血來潮,7
霸凌,7
Agriculture,7
選擇性,7
Samuel,7
同志,7
大有人在,7
五月,7
筆誤,7
tone,7
Goods,7
Solving,7
朝聖,7
六七,7
滿重,7
波文,7
多有,7
發自,7
公假,7
給個,7
下雨,7
久遠,7
早早,7
Auto,7
華麗,7
才剛,7
知覺,7
第十一,7
第十二,7
攻擊,7
Measure,7
前輩,7
煩惱,7
風氣,7
隱藏,7
cell,7
更為,7
富有,7
念起來,7
會計師,7
張佑宗,7
__________,7
Malory,7
如沐春風,7
中興,7
Kasai,7
數學計算,7
偉大,7
Signal,7
Languages,7
很久,7
statistics,7
作業題,7
en,7
講太,7
每班,7
挫折感,7
談判,7
Axial,7
五天,7
Performance,7
二週,7
EMBA,7
跳脫,7
記名字,7
不僅僅,7
親和力,7
摸魚,7
劉老師,7
每張,7
Stokes,7
語音學,7
同個,7
男性,7
病人,7
透明,7
蘇格拉底,7
昨天,7
十八,7
講但,7
再見,7
並作,7
前來,7
量力,7
哺乳動物,7
相輔相成,7
Office,7
產出,7
開朗,7
寫意,7
總會,7
正是,7
勾題,7
Competition,7
這在,7
NTUcourse,7
很能,7
Common,7
歧視,7
一睹,7
效度,7
擺在,7
觀光,7
給你看,7
Kelsen,7
入學,7
得知,7
By,7
名次,7
缺考,7
Point,7
物權法,7
Policy,7
案件,7
萬億,7
motion,7
敏感,7
四面,7
即席,7
而成,7
打成,7
系館,7
五年,7
常在,7
踢擊,7
想開,7
Layout,7
以期,7
札實,7
正好,7
一步步,7
楊舒涵,7
佼佼者,7
報酬率,7
課想,7
Resources,7
都講,7
李心予,7
問號,7
田野,7
韓語,7
好事,7
時用,7
會換,7
有點累,7
強的,7
真理,7
目測,7
朗誦,7
extra,7
從此,7
美感,7
pricing,7
其一,7
閱讀文章,7
天心,7
Radiation,7
手腳,7
讀法,7
NO,7
諷刺,7
稍難,7
DFT,7
ABC,7
濾波器,7
前兩天,7
第版,7
協商,7
Human,7
稍作,7
組裝,7
名言,7
Organization,7
超高,7
涵義,7
參考文獻,7
有位,7
拖延,7
atoms,7
一講,7
改觀,7
換下,7
normal,7
禮拜三,7
假使,7
傳至,7
several,7
除以,7
Java,7
先看,7
改良,7
架子,7
來點,7
林鈺雄,7
漢語,7
正題,7
尋求,7
確切,7
亂七八糟,7
灌輸,7
近年,7
身障,7
偏少,7
人生觀,7
看得出,7
長短,7
toolbox,7
Cash,7
不符,7
Light,7
Einstein,7
撐過,7
十九世紀,7
壞處,7
幾顆,7
全是,7
curves,7
台北市,7
否認,7
少見,7
部落,7
扣掉,7
法庭,7
瀏覽,7
拋棄,7
Riemannian,7
擴散,7
XDDDDDD,7
挺不錯,7
圖解,7
人體,7
應對,7
思考問題,7
請問,7
滿多人,7
室內,7
而來,7
事實證明,7
粉末,7
一看,7
友善,7
貼近生活,7
參閱,7
上調,7
要過,7
Transcendentals,7
Resistive,7
題題,7
五大,7
照樣,7
本學年,7
知會,7
會談,7
如果說,7
Edward,7
一疊,7
不為,7
偏慢,7
可修,7
字號,7
為過,7
英美法,7
有蠻,7
五頁,7
鉅細靡遺,7
新詩,7
Rates,7
User,7
協調,7
Miller,7
街頭,7
有鑑於,7
systems,7
PASS,7
能帶,7
ww,7
高爾夫,7
發到,7
十足,7
搞定,7
抽人,7
簡史,7
改錯,7
浮動,7
發人深省,7
回擊,7
六章,7
Twelfth,7
導引,7
朝代,7
不賴,7
這並,7
匯率,7
particle,7
側身,7
若干,7
重整,7
連體,7
建築師,7
template,7
即為,7
還會給,7
著想,7
文是,7
延後,7
WTO,7
節課,7
地去,7
岩石,7
養生,7
字串,7
Electromagnetic,7
鬆散,7
心虛,7
密集,7
一併,7
good,7
船舶,7
牧場,7
讓我學,7
cohomology,7
solution,7
Short,7
transformations,7
好險,7
全文,7
交到,7
範本,7
Schrodinger,7
老話,7
diffraction,7
Growth,7
晚來,7
商用,7
政經,7
外部,7
Works,7
Internet,7
重來,7
app,7
Jeffrey,7
日翻,7
地說,7
修有,7
柔道服,7
史實,7
停頓,7
是採,7
常態分配,7
上午,7
修飾,7
基金會,7
基本操作,7
蔡曜陽,7
Kingdon,7
之流,7
External,7
精要,7
股份,7
____,7
皇帝,7
就當,7
選不上,7
從政,7
中文翻譯,7
那會,7
tools,7
二三,7
記號,7
Forces,7
明哥,7
Inverse,7
Parallel,7
了不起,7
字幕,7
variables,7
在生活中,7
意見書,7
轉換成,7
全然,7
動手做,7
抗爭,7
二三十,7
地形學,7
比上,7
跳躍,7
再修,7
今日,7
人用,7
分析題,7
Critical,7
救贖,7
旅程,7
歐盟,7
representation,7
古琴,7
音樂會,7
家人,7
思想史,7
就照,7
焦點,7
半節,7
點點,7
偏差,7
查閱,7
杯杯,7
下禮拜,7
就問,7
Force,7
誕生,7
戰術,7
操演,7
成因,7
Schmitt,7
真是太,7
上班,7
寫作技巧,7
教學班,7
risk,7
沒看,7
青春,7
不愛,7
好書,7
entropy,7
明仁,7
用功,7
帳號,7
董事會,7
Price,7
批閱,7
省思,7
CNS,7
會記,7
Polar,7
點是,7
matrices,7
證實,7
八字,7
approximation,7
閱卷,7
多寫,7
越來越少,7
潦草,7
草皮,7
後方,7
愈來愈,7
代價,7
反方,7
馬來西亞,7
上籃,7
殺球,7
重課,7
誠摯,7
壘球,7
升降,7
RF,7
本魯,7
爆出,7
往前,7
Analytics,7
洋菇,7
稅務,7
這週,7
完善,7
親密關係,7
馬拉松,7
季瑋珠,7
Introducing,7
有志,7
偏見,7
架設,7
have,7
十人,7
會選,7
西班牙,7
Spreekvaardigheid,7
Sir,7
Lectures,7
下個,7
文長,7
接著會,7
Morte,7
討論版,7
總和,7
音調,7
超難,7
有助,7
Letter,7
古典文學,7
學生上課,7
和聲,7
兩張,7
球感,7
格子,7
據我所知,7
極少,7
強烈推薦,7
報到,7
累計,7
打瞌睡,7
Lek,7
踩到,7
Wordsworth,7
展開式,7
對角,7
歷來,7
再花,7
翻刻,6
年表,6
公里,6
蕭朱杏,6
以降,6
幾何學,6
Soil,6
放電影,6
Applied,6
Frank,6
負責人,6
命中率,6
童年,6
中選,6
Files,6
敷衍,6
黎曼,6
創創,6
陣列,6
合計,6
想簽,6
驚奇,6
BBC,6
閉集,6
畫面,6
chinaviva,6
大腿,6
景觀,6
打得,6
英語教學,6
一言以蔽之,6
那本書,6
formalism,6
Stresses,6
語料庫,6
極座標,6
捷式,6
還來,6
Electronic,6
Angular,6
信託,6
國民所得,6
醣類,6
專業課程,6
曲目,6
菁英,6
覆蓋,6
放寬,6
Guide,6
警告,6
not,6
Prices,6
育才,6
Poster,6
儲蓄,6
收斂性,6
白皮書,6
當選,6
讀詞,6
Petrarch,6
譯文,6
翻譯學,6
全台灣,6
平球,6
新舊,6
火花,6
沒聽過,6
flash,6
過人,6
滋味,6
先放,6
區塊,6
Stock,6
ZC,6
prereading,6
遞減,6
Strang,6
連桿,6
國會,6
地科,6
大笑,6
初衷,6
軌跡,6
平假名,6
詞性,6
課不太,6
個人賽,6
交由,6
Fermion,6
讀得,6
時尚,6
瑞芬,6
格外,6
談論,6
那篇,6
礪爾學,6
週二,6
社會主義,6
filter,6
control,6
自助,6
Least,6
與其說是,6
Divergence,6
觀念性,6
Coursera,6
第四版,6
共識,6
Labor,6
convolution,6
座標,6
建模,6
heat,6
落實,6
白玫瑰,6
Exercise,6
紅玫瑰,6
公園,6
這條,6
search,6
Abstract,6
Lie,6
先想,6
有點煩,6
專攻,6
Curvature,6
彷彿,6
操場,6
訂價,6
反倒,6
深感,6
一段話,6
落掉,6
Independence,6
沒選到,6
踢踢,6
苛刻,6
過量,6
normalize,6
禮拜四,6
ZUVIO,6
課堂練習,6
硬體,6
鄭貽生,6
少年,6
交電,6
compiler,6
計中,6
翹過,6
變好,6
事假,6
很妙,6
und,6
租賃,6
Transmission,6
示範動作,6
蹦出,6
各週,6
課能,6
剛才,6
Trust,6
精讀,6
diagram,6
題會,6
借來,6
處處,6
交互,6
不久,6
OPEN,6
三不五時,6
沒話說,6
勵志,6
xdd,6
傳記,6
供需,6
有意,6
kompakt,6
說教,6
片面,6
DaF,6
癌症,6
用學,6
運輸,6
Efficiency,6
了點,6
沿用,6
加場,6
幹什麼,6
有課,6
送球,6
貝氏,6
興奮,6
節的,6
校本,6
教案設計,6
國教,6
近幾年,6
Classes,6
最適,6
each,6
Monte,6
共用,6
短短的,6
atom,6
Software,6
OS,6
星座,6
感人,6
上堂,6
integration,6
穿越,6
呂帥,6
要當,6
名牌,6
巧思,6
是點,6
OTZ,6
條例,6
自動自發,6
太嚴,6
Cauchy,6
會念,6
群體,6
文書,6
無感,6
各大,6
Of,6
檢察官,6
USB,6
無線網,6
fundamental,6
上層,6
還幫,6
數理,6
有神,6
上加,6
靜態,6
高朗,6
辜負,6
絕大多數,6
不負責任,6
病理,6
八九十,6
Lorentz,6
想念,6
車神,6
沒花,6
會學,6
何處,6
重述,6
耳朵,6
撇開,6
整篇,6
字形,6
評釋,6
攝影機,6
會改,6
EEch,6
Homeworks,6
資訊系,6
美玲,6
請求權,6
要開,6
Cook,6
任何人,6
造福,6
當晚,6
legal,6
四章,6
quizzes,6
及早,6
資源管理,6
到來,6
SLA,6
Internal,6
不合,6
particles,6
龍的傳人,6
geometry,6
polynomial,6
第一門,6
third,6
浪漫主義,6
Electrostatics,6
存貨,6
白先勇,6
ISBN,6
動能,6
實物,6
西洋文學,6
做做,6
Bonding,6
小狗,6
Kinetic,6
師生,6
家族,6
高捷,6
十六,6
細膩,6
粗心,6
Maximum,6
Drama,6
Arc,6
聽個,6
翻書,6
熱血,6
流行病學,6
適度,6
將會,6
交通,6
金融機構,6
雲霞,6
產物,6
聚首,6
附錄,6
陳自強,6
英翻,6
莫言,6
Brain,6
的當,6
想像力,6
罷了,6
安置,6
Haykin,6
不知不覺,6
技法,6
巨觀,6
前言,6
MIPS,6
成熟,6
三生,6
有學,6
取捨,6
味覺,6
六份,6
精簡版,6
共題,6
一口氣,6
Winter,6
蠻快,6
Song,6
MapReduce,6
激烈,6
庚辰,6
美式,6
代表性,6
sample,6
引述,6
單獨,6
積體電路,6
仍會,6
華泰,6
Selection,6
前段,6
計量經濟學,6
期望值,6
拼命,6
Derivation,6
冷漠,6
Daniel,6
Silbey,6
要畫,6
原封不動,6
導入,6
dynamic,6
飛揚,6
關連,6
數量級,6
票選,6
正當,6
正犯,6
內分泌,6
殘忍,6
講投,6
舊版,6
驚訝,6
思考性,6
遵守,6
去解,6
慈祥,6
簽因,6
video,6
精闢,6
追蹤,6
工程學系,6
不成問題,6
第七版,6
file,6
classroom,6
銀行業,6
越高,6
刀子,6
清醒,6
措手不及,6
屁股,6
world,6
史密斯,6
節慶,6
優質,6
between,6
單子,6
聯繫,6
缺少,6
深奧,6
先花,6
創傷,6
不準,6
卷哥,6
息息相關,6
單方面,6
Talk,6
資歷,6
感嘆,6
Mary,6
質問,6
來者不拒,6
Basics,6
關愛,6
舞者,6
來作,6
bug,6
左邊,6
應數,6
名師,6
孤兒,6
三分之二,6
效用,6
少人,6
幾頁,6
微生物,6
當課,6
force,6
舊制,6
整天,6
白貼,6
優異,6
Source,6
一味,6
誌異,6
草堂,6
亞瑟王,6
初階,6
燦爛,6
閱微,6
為題,6
Money,6
暫停,6
單調,6
認領,6
切割,6
俄羅斯,6
爆掉,6
編得,6
Nature,6
OF,6
背一背,6
原波,6
Peter,6
le,6
動筆,6
攻防,6
星是,6
注釋,6
看板,6
法釋,6
蠻常,6
常玉強,6
淑珍,6
CP,6
Jones,6
融合,6
青少年,6
固體,6
舉例來說,6
超涼,6
講著,6
領悟,6
擬定,6
那題,6
二極體,6
不問,6
就會過,6
參考價值,6
花掉,6
Nash,6
講明,6
鬥爭,6
通融,6
全為,6
八十,6
承受,6
他還,6
一樓,6
Hamlet,6
所知,6
劇評,6
敦爾品,6
抒發,6
為佳,6
令人感動,6
孤獨,6
相片,6
電腦課,6
要領,6
連帶,6
Perturbation,6
Issues,6
結尾,6
Boundary,6
Quixote,6
成管會,6
做人,6
心學,6
第二冊,6
課後練習,6
遺傳,6
頭皮,6
Westerfield,6
轉成,6
spin,6
滿少,6
Ray,6
Differentiation,6
中古,6
最重,6
可交,6
檯面,6
觀眾,6
該不該,6
想當然,6
擺脫,6
不予,6
嶄新,6
錯覺,6
怒沉,6
振動,6
probability,6
版面,6
更能,6
兩點,6
Jane,6
運動學,6
集群,6
人去,6
乍看之下,6
下場,6
前賢,6
專書,6
Society,6
BOTOTROTBOO,6
全神貫注,6
Speaker,6
短劇,6
內信,6
接球,6
出書,6
意味,6
當面,6
指點,6
調課,6
的詩,6
嚴格要求,6
Bath,6
印製,6
鵬程萬里,6
逐字逐句,6
先找,6
各題,6
債編,6
發性,6
圖學,6
獎金,6
密密麻麻,6
嚴格執行,6
場所,6
大有,6
當做,6
句法,6
推斷,6
抄下來,6
Men,6
中共,6
戲偶,6
上給,6
請到,6
整節課,6
EECh,6
Harold,6
一趟,6
partWeek,6
林芬蓉,6
差太多,6
執業,6
違反,6
寫實,6
公益,6
States,6
到達,6
面貌,6
聽得,6
含意,6
並無,6
貓書,6
那裏,6
Exchange,6
Modulation,6
點子,6
紙上,6
有限公司,6
遺傳學,6
篇名,6
Continuous,6
下台,6
書店,6
Metals,6
人還,6
愛好者,6
一團,6
主因,6
蠻多人,6
About,6
較慢,6
課去,6
Keats,6
學理,6
有感而發,6
審計,6
離席,6
打成一片,6
做點,6
手工,6
一環,6
畫完,6
presentations,6
reports,6
essays,6
杜甫,6
De,6
古龍,6
林蕙,6
先行,6
一輪,6
水源,6
百寶箱,6
大神,6
Let,6
書信,6
白色恐怖,6
曲子,6
上頭,6
系隊,6
program,6
拍片,6
開放性,6
Once,6
避開,6
自稱,6
抽考,6
高會,6
Zuvio,6
十幾個,6
課比,6
百分比,6
題號,6
scores,6
凌晨,6
ISLM,6
地名,6
Optimization,6
單看,6
太高興,6
王丹,6
Freeman,6
安裝,6
正妹,6
抉擇,6
劇作家,6
Hadoop,6
Takehome,6
相關係數,6
富含,6
時說,6
evaluation,6
求解,6
清算,6
較差,6
movie,6
判準,6
文句,6
擋球,6
沿革,6
我用,6
Rule,6
Home,6
法師,6
敬佩,6
作罷,6
Signaling,6
dynamics,6
Tom,6
Viscous,6
Binomial,6
馮勃翰,6
Organic,6
財政學,6
phase,6
口齒清晰,6
很難說,6
簽個,6
UP,6
澎湖,6
narcimeow,6
論文格式,6
超快,6
移轉,6
三科,6
Monetary,6
Is,6
動物園,6
Consumer,6
集體,6
忍不住,6
Racine,6
Lee,6
三民主義,6
選四題,6
拉普拉斯,6
Securities,6
用紙,6
不點,6
數四,6
兼課,6
political,6
canonical,6
短期,6
外教,6
廣播,6
帶大抄,6
五四,6
輝煌,6
Elasticity,6
Sections,6
工業,6
無非,6
遺漏,6
角落,6
Sidney,6
歸納,6
維基百科,6
Renaissance,6
Peer,6
不上,6
四選二,6
某位,6
四十,6
講會,6
請洽,6
表象,6
課則,6
若非,6
是問,6
並不高,6
光吾校,6
溪頭,6
靈魂,6
勇氣,6
失誤,6
最差,6
幸運地,6
一概,6
numerical,6
組有,6
工系,6
幾句話,6
performance,6
評選,6
標示,6
名義,6
海量,6
不著,6
應變,6
靈感,6
敘述性,6
Line,6
id,6
這年,6
某篇,6
補點,6
丁亮,6
南極,6
溫文儒雅,6
四天,6
理工,6
碎念,6
沒選上,6
笨蛋,6
選他,6
以此,6
Activity,6
body,6
每上,6
改造,6
抗議,6
個體經濟,6
課以,6
多方,6
李建國,6
妥當,6
六組,6
初探,6
某一,6
西概,6
物理現象,6
循環賽,6
給推,6
人際關係,6
有顆,6
加重,6
難人,6
得花,6
statement,6
Listening,6
四週,6
慷慨,6
記筆記,6
Classroom,6
Gregory,6
Assessing,6
師培,6
德語,6
到哪去,6
起不來,6
記憶體,6
講稿,6
並將,6
三段,6
合著,6
BUT,6
增強,6
Bilinear,6
俞燕妮,6
月黑風高,6
成正比,6
出於,6
Lake,6
Hour,6
學測,6
Normal,6
法典,6
侵權,6
Operator,6
淳文,6
Inner,6
白色,6
暖身,6
由此,6
研磨,6
所開,6
原典,6
偏頗,6
角動量,6
派別,6
越早,6
著看,6
宋元,6
分因,6
風評,6
大賽,6
五人,6
半數,6
高斯,6
lemma,6
規律,6
止於,6
電動,6
共犯,6
各論,6
說服力,6
OCIA,6
三五,6
而會,6
乘風,6
兩極,6
勸告,6
以致,6
細胞,6
調查表,6
有聲書,6
七十,6
Heywood,6
Managing,6
抱著,6
供參考,6
超少,6
人稱,6
中高級,6
二十頁,6
常翹,6
Total,6
forms,6
必有,6
完備,6
你問,6
蘇媽,6
流變,6
縱使,6
BC,6
教學網,6
不免,6
跑壘,6
不均,6
先以,6
Editionby,6
相對來說,6
信任,6
設置,6
一分耕耘,6
為樂,6
授受,6
合群,6
Art,6
壟斷,6
而思齊,6
SOP,6
承上,6
一開,6
濟濟多士,6
絃歌,6
鍵盤,6
推銷,6
不耐煩,6
厚厚的,6
Effect,6
cue,6
拜訪,6
問完,6
文學理論,6
一大半,6
內積,6
主旨,6
第周,6
球數,6
禮拜五,6
該周,6
Poisson,6
第二階段,6
短篇小說,6
紮紮實實,6
時限,6
Head,6
五組,6
rule,6
王維,6
IC,6
簽印,6
台風,6
調配,6
下降,6
絕版,6
加倍,6
帶筆,6
學士,6
train,6
給顆,6
聲稱,6
要出,6
好奇心,6
數篇,6
Bayesian,6
切勿,6
第十一章,6
張哲政,6
球技,6
中央政府,6
學術論文,6
感激,6
Budget,6
不愧,6
Keynesian,6
Limits,6
上方,6
研發,6
醫學知識,6
radiation,6
大開眼界,6
環境保護,6
悽慘,6
恆春,6
Analog,6
太淺,6
寡占,6
青天白日,6
值得注意,6
出勤,6
生效,6
播種,6
太趕,6
潮流,6
毅力,6
管道,6
極端,6
Eigenvectors,6
該門,6
好評,6
花卉,6
Use,6
深化,6
上以,6
偏偏,6
Evaluation,6
體學,6
整題,6
大大的,6
安然,6
填滿,6
非常少,6
妥協,6
條列,6
授與,6
死刑,6
此書,6
無比,6
簽得,6
簡體,6
修因,6
上放,6
代換,6
高血壓,6
天數,6
第三個,6
Approximation,6
無疆,6
留在,6
不作,6
看不清楚,6
Beowulf,6
宿舍,6
計算錯誤,6
休息時間,6
新穎,6
結婚,6
打個,6
出入,6
遺忘,6
小時候,6
好康,6
自由心證,6
gases,6
Coordination,6
抽象代數,6
不彰,6
modeling,6
好用,6
有所不同,6
二擇,6
著名,6
推擋,5
按部就班,5
社會化,5
中東,5
day,5
唸到,5
星號,5
卷宗,5
專論,5
假裝,5
每項,5
事由,5
Never,5
Charlotte,5
金錢,5
十幾分,5
慘了,5
良善,5
話語,5
正交,5
聽見,5
再行,5
beta,5
文但,5
下學,5
Childe,5
不禁,5
歌唱,5
一聲,5
呂良,5
新聞稿,5
前後文,5
perfect,5
比較法,5
外商,5
一首歌,5
through,5
Index,5
晚個,5
傳聞,5
上點,5
恐慌,5
slides,5
職場,5
不照,5
切磋,5
精神疾病,5
random,5
六版,5
His,5
心理健康,5
挑掉,5
面上,5
福氣,5
先考,5
matter,5
對著,5
變革,5
Linguistic,5
Scientific,5
課先,5
高能,5
rate,5
菇類,5
限時,5
說些,5
後現代主義,5
題要,5
差分,5
games,5
歐陸,5
WKB,5
善於,5
王澤鑑,5
遊客,5
一切都是,5
言行,5
多少錢,5
當日,5
四星,5
刪掉,5
variation,5
相關性,5
BTW,5
OP,5
補償,5
代入,5
不在少數,5
大半,5
考次,5
半會,5
詩的,5
蘊含,5
揮桿,5
早已,5
再者,5
難簽,5
包紮,5
Storage,5
每逢,5
Experiment,5
總括,5
間接,5
同期,5
大體上,5
圖樣,5
太晚,5
Princeton,5
最多加,5
對學,5
三遍,5
腦海,5
到場,5
農經系,5
滿點,5
公債,5
冷場,5
沒買,5
銘堯,5
接納,5
記的,5
不理,5
靠近,5
再開,5
Browning,5
Expectations,5
Microelectronics,5
開來,5
揪團,5
夠快,5
先將,5
爆氣,5
舟山,5
Ted,5
十年,5
真誠,5
熱平衡,5
拍子,5
順手,5
剖析,5
Holler,5
Crouch,5
明天,5
你過,5
消滅,5
極高,5
口頭上,5
環環相扣,5
大門,5
師會,5
身份,5
先進,5
太好了,5
大道理,5
個人見解,5
橋段,5
奠定,5
走進,5
一通,5
地寫,5
畫畫,5
言語,5
包容,5
玩電腦,5
講給,5
開出,5
文類,5
自治,5
慚愧,5
Plan,5
角色扮演,5
要分,5
工具機,5
水龍,5
糖尿病,5
樂器,5
踏實,5
可加簽,5
混合,5
不交,5
要念書,5
略有不同,5
Grading,5
國民,5
訝異,5
毋須,5
magnetic,5
出色,5
人講,5
取徑,5
愛用,5
幾課,5
坊間,5
可買,5
絕非,5
bruball,5
導遊,5
英文字,5
能講,5
閒談,5
商事法,5
生活態度,5
不已,5
官方,5
CS,5
Gases,5
指引,5
太棒了,5
Manfred,5
先簽,5
現成,5
This,5
對比,5
盡量給,5
線條,5
骨骼,5
沒多久,5
二年級,5
長篇大論,5
年份,5
制止,5
還沒教,5
容納,5
正反面,5
進出,5
課外活動,5
前交,5
打底,5
example,5
自閉症,5
拉貝明,5
Sound,5
剪耳號,5
只學到,5
並由,5
數學模型,5
黑白,5
抽個,5
分點,5
舞會,5
reactions,5
行管,5
MA,5
進到,5
刑事法,5
顆想,5
用過,5
藥理,5
連假,5
個案研究,5
打破,5
BCG,5
issues,5
文字說明,5
少許,5
遠比,5
實證主義,5
Operators,5
不一,5
呂赫若,5
窘境,5
符號學,5
該題,5
對稱性,5
方法學,5
不改,5
改用,5
執行力,5
副教授,5
沒太大,5
生動有趣,5
Kapitel,5
休假,5
答出來,5
ideal,5
流形,5
放大,5
課不修,5
des,5
Assessment,5
量詞,5
Oscillations,5
傻傻的,5
共產黨,5
是類,5
古典小說,5
喉嚨,5
喝水,5
五份,5
試卷,5
JT,5
入門者,5
穩定度,5
天生,5
很悶,5
還頗,5
點才,5
他給,5
源自,5
伊琳,5
細目,5
毫無疑問,5
賴亮,5
計概,5
BoundaryValue,5
講滿,5
周五,5
修法,5
飯店,5
好找,5
跑法,5
班次,5
充滿熱情,5
樂見,5
poems,5
頭痛,5
象徵,5
guest,5
質數,5
漫談,5
量子場論,5
Carrier,5
只簽,5
醫學科,5
作文課,5
只靠,5
折返跑,5
Leisure,5
CMOS,5
流汗,5
提名,5
Film,5
第二名,5
不容,5
文人,5
小書,5
發了,5
Conference,5
禮拜六,5
驚艷,5
太太,5
電腦打字,5
TED,5
小學生,5
MLE,5
皮膚,5
永續,5
Body,5
亞洲,5
抄到,5
腦力,5
Comparison,5
喜劇,5
Technical,5
我講,5
悲慘,5
last,5
漢娜,5
本土,5
creative,5
說明書,5
Summary,5
帥氣,5
dependence,5
love,5
Arnold,5
Mind,5
畫家,5
大相逕庭,5
Chaucer,5
只求,5
十六世紀,5
特例,5
時空,5
有利,5
某人,5
大一必,5
FP,5
Structures,5
logic,5
functional,5
三版,5
Questions,5
覺悟,5
舞序,5
處事,5
偏多,5
辯證,5
Pohan,5
Derivative,5
簽會,5
神祕,5
地面,5
間會,5
配置,5
非常容易,5
太史公,5
封神,5
附有,5
高爾夫球場,5
胡孟君,5
來臨,5
上下冊,5
重申,5
俗稱,5
五種,5
少不了,5
統治,5
細碎,5
暫時,5
Mean,5
先由,5
很忙,5
使人,5
發出,5
更佳,5
問句,5
膝蓋,5
炫耀,5
Pattern,5
gauge,5
精緻,5
實行,5
沉積岩,5
誠實,5
比對,5
業時,5
適不,5
放置,5
而後,5
King,5
師母,5
coursera,5
聚焦,5
View,5
guide,5
好拿分,5
Shelley,5
熟記,5
點的,5
缺交,5
心智,5
欠缺,5
常看到,5
來得,5
兩三天,5
過少,5
兼具,5
余佳慧,5
郭鐘,5
Presentations,5
過肩,5
LLVM,5
考都,5
一日,5
漂浮,5
回想,5
實實,5
抽出,5
民俗,5
很遠,5
說錯,5
Paul,5
出生,5
快轉,5
放人,5
林致廷,5
Insel,5
會收,5
運算子,5
拘泥,5
全對,5
或多或少,5
攻球,5
遭遇,5
還算滿,5
納悶,5
從頭開始,5
初級班,5
七八成,5
管理科學,5
肉品,5
查看,5
對練,5
失落,5
校隊,5
多位,5
Zee,5
風險管理,5
不利,5
les,5
山路,5
無法回答,5
第十八,5
史學,5
錯字,5
嚇一跳,5
歷史學,5
姊姊,5
不太懂,5
Screening,5
Philosophy,5
Lamb,5
most,5
Potentials,5
特徵值,5
複選,5
individual,5
就會給,5
Hydrogen,5
Essays,5
淪為,5
thinking,5
closed,5
沒得,5
講求,5
Effects,5
子題,5
國族,5
依賴,5
長篇,5
殖民,5
慣例,5
Scaling,5
同一天,5
碎碎念,5
眼前,5
委員會,5
天天,5
變態,5
形狀,5
研究型,5
考有,5
map,5
有選,5
Ralph,5
掩面,5
精神分析,5
找來,5
organization,5
不嚴,5
無線,5
England,5
Local,5
唐代,5
時態,5
救護車,5
那套,5
Diffraction,5
不太上,5
DC,5
exercise,5
長時間,5
太強,5
文言文,5
xDD,5
卷姐,5
單單,5
儀式,5
採計,5
藍圖,5
榮堅,5
完要,5
Oligopoly,5
還原,5
先去,5
清末,5
寫文章,5
Dream,5
Flows,5
中立,5
佐證,5
歷練,5
獨占,5
空間概念,5
符合要求,5
白天,5
專有,5
開一,5
股票,5
並與,5
Projection,5
極致,5
fb,5
人並,5
石油,5
主導,5
弟妹,5
Autocad,5
生產者,5
還行,5
別修,5
帶個,5
白癡,5
手動,5
學思,5
骨頭,5
早到,5
前門,5
不開,5
概況,5
顧客,5
鸚鵡,5
還比,5
無妨,5
研所,5
古佳艷,5
simple,5
莊曜宇,5
的還,5
右邊,5
課超,5
不大一樣,5
整數,5
小林,5
因子,5
啓發,5
查詢,5
比方,5
時則,5
全國,5
細部,5
丁建均,5
手感,5
Filters,5
Gate,5
坦白,5
班比,5
缺過,5
葉丙成,5
Equity,5
念念,5
改回,5
理論課,5
開車,5
二下,5
分部,5
Blake,5
Kane,5
構想,5
橘子,5
安心,5
地上,5
說文解字,5
向度,5
BOOK,5
Phaedra,5
書廊,5
看清楚,5
重力,5
沒帶,5
從未,5
Transistors,5
來給,5
組間,5
猜想,5
economic,5
餘裕,5
File,5
刑分,5
密碼,5
錯失,5
談起,5
主科,5
出處,5
心頭,5
Examples,5
月底,5
五選四,5
抗壓性,5
多多益善,5
記時,5
妳是,5
不缺,5
生涯規劃,5
呼應,5
有理,5
Functional,5
sources,5
準時出席,5
下筆,5
的並,5
報酬,5
編號,5
game,5
四選,5
四處,5
Path,5
亞里,5
難有,5
太弱,5
化簡,5
Rigid,5
圖畫,5
地講,5
開明,5
想起,5
頁碼,5
文王,5
杜十娘,5
被叫,5
書名,5
紛紛,5
頗重,5
Experience,5
迴避,5
棘手,5
Optical,5
creo,5
沒收,5
驗收,5
可於,5
花到,5
operations,5
這才,5
突出,5
哈哈哈哈,5
自行設計,5
Factor,5
著手,5
這都,5
五千,5
上講,5
專業知識,5
就別,5
壁球,5
反感,5
共黨,5
精細,5
教學策略,5
technologies,5
小六法,5
濃度,5
PBE,5
孫子兵法,5
有誤,5
特此,5
扎扎,5
前置,5
口訣,5
BA,5
四人幫,5
IPA,5
coding,5
Firm,5
Benjamin,5
responses,5
黨團,5
玻璃,5
過來人,5
gene,5
會傳,5
workshop,5
氣候變遷,5
慶生,5
兩小題,5
叮嚀,5
死當,5
青周,5
求助,5
空虛,5
這有,5
八組,5
有興,5
應考,5
三則,5
硬性規定,5
zzz,5
很活,5
盧曼,5
小白兔,5
樂理,5
體力,5
total,5
劇場,5
當他,5
Convergence,5
刀具,5
soil,5
牽涉,5
業寧,5
可供參考,5
electron,5
四堂,5
士林,5
斯多德,5
訣竅,5
近況,5
會快,5
鐘聲,5
好還,5
尊敬,5
詞語,5
成是,5
Biological,5
Simplex,5
蛋品,5
Preface,5
滾瓜爛熟,5
詩句,5
便宜,5
一整天,5
派上用場,5
都問,5
難到,5
草稿,5
變強,5
十大,5
電學,5
事蹟,5
會輪,5
domains,5
local,5
上課證,5
解出來,5
各選,5
臨場,5
imagine,5
孩子,5
玩玩,5
panel,5
Pure,5
那節,5
上還,5
雙方,5
文都,5
地質學,5
自印,5
Do,5
八人,5
周次,5
看台,5
刪除,5
二節,5
全世界,5
Marcus,5
兩課,5
instruction,5
脫節,5
正解,5
因果關係,5
冷氣,5
將要,5
words,5
對面,5
夠大,5
頭緒,5
立意,5
打牆,5
十五分,5
partition,5
日治,5
分考,5
補完,5
check,5
人品,5
會試,5
眼神,5
打到,5
感測器,5
放投,5
Under,5
會成,5
Description,5
Macroeconomic,5
數值積分,5
不能自己,5
Background,5
旨在,5
年齡,5
Thinking,5
credits,5
basis,5
第一天,5
債權人,5
理解能力,5
公差,5
部位,5
Return,5
三視圖,5
全心全意,5
構築,5
長相,5
一股,5
聖旨,5
極甜,5
Johnson,5
考考試,5
西周,5
財經,5
正向,5
總合,5
多學,5
最棒,5
放電,5
財報,5
gas,5
話雖如此,5
勞工,5
趣聞,5
有夠,5
machine,5
plant,5
就讀,5
初等,5
Laws,5
Factors,5
Luhmann,5
Budgeting,5
匯流,5
開在,5
不太甜,5
服用,5
assignments,5
一方,5
Puzzle,5
解出,5
略嫌,5
投票表決,5
重新整理,5
Written,5
Values,5
推定,5
一有,5
新年,5
Efficient,5
輕鬆自在,5
代打,5
坐下,5
Riley,5
Roman,5
Gawain,5
時程,5
小錯,5
Chinese,5
狹相,5
Songs,5
換個,5
既定,5
chains,5
加開,5
估狗,5
認識論,5
翻過,5
transduction,5
圖要,5
爆肝,5
potentials,5
各科,5
大加,5
幹事,5
四平八穩,5
請過,5
培育,5
規準,5
融資,5
estimation,5
課期,5
及時,5
焦慮,5
詬病,5
練習曲,5
作風,5
宏文,5
權限,5
保全,5
Phenomena,5
Dead,5
遲到者,5
Compiler,5
沒滿,5
沒改,5
Charge,5
延遲,5
栽種,5
選一,5
application,5
全數,5
一票,5
Artist,5
天論,5
state,5
推薦信,5
pm,5
Only,5
仲夏夜,5
食安,5
封閉,5
Quantitative,5
自由度,5
分析報告,5
Promotion,5
修個,5
三講,5
Scheduling,5
Hidden,5
Huang,5
Quality,5
基本功,5
主任,5
學群,5
內容分析,5
學術研究,5
完組,5
政體,5
Latex,5
為主有,5
ODEs,5
compact,5
講個,5
說學,5
調分調,5
當率,5
記者會,5
Thomson,5
減肥,5
護理,5
吃掉,5
用以,5
春風,5
Foundations,5
顧名思義,5
行人,5
完該,5
語重心長,5
多給,5
人群,5
定論,5
寫作能力,5
營養學,5
系修,5
curve,5
蠻少,5
Bright,5
要拿分,5
perturbation,5
歷年來,5
書裡,5
科學研究,5
選制,5
news,5
獎品,5
Representation,5
需用,5
插畫,5
涌泉,5
討論一下,5
是剛,5
懂不懂,5
偏涼,5
一頭霧水,5
只教到,5
物種,5
輪廓,5
東方,5
那周,5
double,5
And,5
relativity,5
Deitel,5
Program,5
第五節,5
級距,5
來加,5
雙班,5
題有,5
這回,5
一個半,5
柔軟度,5
交上去,5
可說,5
Addison,5
DEBATE,5
合金,5
既有,5
折衷,5
mean,5
政論,5
派出,5
一把,5
標明,5
蔡嘉穎,5
班雅明,5
高中生物,5
Type,5
股東,5
當過,5
GB,5
Harmonic,5
所有權,5
宗旨,5
互動性,5
Inclass,5
自打,5
初期,5
Harris,5
滿高,5
警察,5
Diode,5
Computation,5
韓國語,5
遵循,5
看一遍,5
推到,5
作文題目,5
玩遊戲,5
卷上,5
MOSFET,5
概說,5
詞作,5
回過,5
高中生,5
維護,5
念錯,5
假說,5
單晶,5
Carlo,5
等價,5
有力,5
Profit,5
多出,5
有念書,5
概括,5
構詞,5
聽會,5
算術,5
適性,5
面談,5
feedback,5
汲取,5
住民,5
observation,5
別系,5
一個班,5
第十七,5
專題研究,5
消耗,5
王泓仁,5
Resnick,5
Participating,5
看人,5
還挺,5
魯蛇,5
碰運氣,5
加速度,5
舞台,5
講好,5
珊珊,5
環境治理,5
張國柱,5
嘆氣,5
半徑,5
檔上,5
化石,5
Byron,5
天份,5
一板一眼,5
守候,5
Ethics,5
繁瑣,5
獲取,5
混淆,5
Sequential,5
Monopolistic,5
詞曲,5
Foundation,5
晶格,5
依循,5
太短,5
總體而言,5
太陽能,5
打水,5
虛無縹緲,5
openbook,5
報章雜誌,5
地獄,5
查不到,5
實做,5
會時常,5
過高,5
Cover,5
practice,5
睡飽,5
以分,5
無障礙,5
公分,5
完後會,5
原定,5
拉格朗,5
三張,5
國瑋,5
適逢,5
調個,5
不強,5
週前,5
er,5
計算能力,5
Apostol,5
人寫,5
國公,5
全名,5
一小部分,5
多去,5
厚厚,5
強哥,5
編譯,5
不騙,5
接手,5
可為,5
slide,5
形象設計,5
楊牧,5
NP,5
分要,5
魔王,5
分來,5
無心,5
不該,5
受損,5
並請,5
宗師,5
淡水,5
排定,5
捉摸,5
GUI,5
師的,5
殺傷力,5
表示法,5
新石器,5
哈拉,5
幽默感,5
還會用,5
寶藏,5
幾本書,5
快快,5
坐著,5
McGraw,5
critical,5
臺上,5
Little,5
邱聯恭,5
不印,5
禮拜一,5
Culture,5
Lebesgue,5
學與,5
變換,5
連接,5
交朋友,5
當事人,5
民間,5
molecules,5
多多少少,5
文意,5
謙虛,5
每球,5
網址,5
非常感謝,5
都還沒,5
的則,5
蘇聯,5
毛澤東,5
distributions,5
開過,5
搞不懂,5
能階,5
特異功能,5
侷限於,5
Holomorphic,5
低調,5
電商,5
維生素,5
耗時,5
國關,5
不如說是,5
馬來語,5
料理,5
應答,5
找書,5
太深,5
story,5
打廣告,5
轉殖,5
福爾摩斯,5
科舉,5
For,5
極具,5
組組,5
資料夾,5
衝動,5
各個領域,5
及格邊緣,5
報名,5
數的,5
傻傻,5
job,5
手球,5
政見,5
崑曲,5
信託法,5
Building,5
一天到晚,5
行政院,5
第二天,5
滿為止,5
韻律,5
樂園,5
MyET,5
系有,5
重寫,5
二組,5
略有,5
指考,5
填入,5
費曼,5
原子,5
Hamiltonian,5
實在話,5
Marion,5
佐藤,5
reference,5
Construction,5
黃景,5
娛樂,5
大組,5
多到,5
Jaffe,5
解構,5
留日,5
思寬,5
公共政策,5
Carl,5
public,5
一刻,5
高一,5
Diagrams,5
coefficient,5
財產稅,5
versus,5
你好,5
教學效果,5
講綱,5
AlgorithmsW,5
spec,5
生育,5
妨害,5
Ashley,5
跳過去,5
wow,5
謾罵,5
李商隱,5
財管,5
修葳,5
西洋,5
鄂蘭,5
Large,5
是種,5
畏懼,5
賦距,5
優雅,5
對數函數,5
監理,5
物價,5
到後半,5
監察,5
礦物質,5
譬如說,5
更會,5
引人入勝,5
rigid,5
外語教學,5
chemistry,5
李貫銘,5
You,5
Service,5
Medieval,5
滿常,5
影響力,5
變多,5
收容,5
show,5
聽久,5
特效,5
tracing,5
遙遠,5
調低,5
酵素,5
要念熟,5
打造,5
latex,5
體現,5
全本,5
括號,5
Pope,5
下限,5
為整,5
近乎,5
接合面,5
一兩句,5
稱呼,5
凡事,5
楊銘欽,5
髒話,5
健保,5
越南,5
擲準,5
優酪乳,5
花茂,5
吳英璋,5
入滲,5
傷逝,5
色戒,5
後世,5
billkuo,5
命運,5
